書	章	節	簡體	我們	他們	和合本	裁決
以斯帖記	1	5	御	禦	御	御	我們錯
以斯帖記	1	7	御	禦	御	御	我們錯
以斯帖記	1	13	干	干	幹	干	他們錯
以斯帖記	1	16	干	干	幹	干	他們錯
以斯帖記	1	21	干	干	幹	干	他們錯
以斯帖記	2	21	辟	辟	闢	辟	他們錯
以斯帖記	3	1	抬	擡	抬	抬	我們錯
以斯帖記	3	7	签	簽	籤	籤	我們錯
以斯帖記	4	13	托	托	託	託	我們錯
以斯帖記	5	11	抬	擡	抬	抬	我們錯
以斯帖記	6	2	辟	辟	闢	辟	他們錯
以斯帖記	6	8	御	禦	御	御	我們錯
以斯帖記	7	7	御	禦	御	御	我們錯
以斯帖記	7	8	出	出	齣	出	他們錯
以斯帖記	7	8	御	禦	御	御	我們錯
以斯帖記	8	10	御	禦	御	御	我們錯
以斯帖記	9	14	准	準	准	准	我們錯
以斯帖記	9	24	签	簽	籤	籤	我們錯
以斯帖記	10	2	抬	擡	抬	抬	我們錯
以斯拉記	2	13	干	干	幹	干	他們錯
以斯拉記	2	21	恒	恒	恆	恆	我們錯
以斯拉記	2	67	只	隻	只	隻	他們錯
以斯拉記	3	7	准	準	准	准	我們錯
以斯拉記	4	11	云	雲	云	云	我們錯
以斯拉記	4	14	御	禦	御	御	我們錯
以斯拉記	4	17	云	雲	云	云	我們錯
以斯拉記	5	13	准	準	准	准	我們錯
以斯拉記	5	17	准	準	准	准	我們錯
以斯拉記	6	20	并	並	併	並	他們錯
以斯拉記	7	6	准	準	准	准	我們錯
以斯拉記	7	10	志	誌	志	志	我們錯
以斯拉記	7	12	云	雲	云	云	我們錯
以斯拉記	8	13	干	干	幹	干	他們錯
以斯拉記	8	14	布	布	佈	布	他們錯
傳道書	3	6	舍	舍	捨	捨	我們錯
傳道書	4	2	叹	嘆	歎	歎	我們錯
傳道書	5	8	鉴	鑒	鑑	鑒	他們錯
傳道書	10	15	困	困	睏	困	他們錯
傳道書	12	5	吊	吊	弔	弔	我們錯
出埃及記	3	2	毁	毀	燬	毀	他們錯
出埃及記	4	8	迹	跡	蹟	蹟	我們錯
出埃及記	4	9	迹	跡	蹟	蹟	我們錯
出埃及記	4	17	迹	跡	蹟	蹟	我們錯
出埃及記	4	28	迹	跡	蹟	蹟	我們錯
出埃及記	4	30	迹	跡	蹟	蹟	我們錯
出埃及記	4	31	鉴	鑒	鑑	鑒	他們錯
出埃及記	5	12	秸	稭	秸	秸	我們錯
出埃及記	5	16	挨	挨	捱	挨	他們錯
出埃及記	5	21	鉴	鑒	鑑	鑒	他們錯
出埃及記	7	3	迹	跡	蹟	蹟	我們錯
出埃及記	8	3	灶	竈	灶	灶	我們錯
出埃及記	8	3	面	麵	麪	麵	他們錯
出埃及記	8	16	虱	虱	蝨	虱	他們錯
出埃及記	8	17	虱	虱	蝨	虱	他們錯
出埃及記	8	18	虱	虱	蝨	虱	他們錯
出埃及記	8	23	迹	跡	蹟	蹟	我們錯
出埃及記	9	29	出	出	齣	出	他們錯
出埃及記	10	1	迹	跡	蹟	蹟	我們錯
出埃及記	10	2	迹	跡	蹟	蹟	我們錯
出埃及記	10	6	占	占	佔	佔	我們錯
出埃及記	10	13	刮	刮	颳	颳	我們錯
出埃及記	10	19	刮	刮	颳	颳	我們錯
出埃及記	12	34	面	麵	面	麵	他們錯
出埃及記	12	34	面	麵	麪	麵	他們錯
出埃及記	12	38	闲	閑	閒	閒	我們錯
出埃及記	12	39	面	麵	面	麵	他們錯
出埃及記	12	45	雇	雇	僱	雇	他們錯
出埃及記	15	19	回	回	迴	回	他們錯
出埃及記	20	14	奸	奸	姦	姦	我們錯
出埃及記	20	25	具	具	俱	具	他們錯
出埃及記	20	25	家	家	傢	家	他們錯
出埃及記	22	7	具	具	俱	具	他們錯
出埃及記	22	7	家	家	傢	家	他們錯
出埃及記	22	15	雇	雇	僱	雇	他們錯
出埃及記	22	29	谷	穀	谷	穀	他們錯
出埃及記	23	1	布	布	佈	佈	我們錯
出埃及記	23	5	抬	擡	抬	抬	我們錯
出埃及記	25	4	朱	朱	硃	朱	他們錯
出埃及記	25	13	杠	杠	槓	槓	我們錯
出埃及記	25	14	抬	擡	抬	抬	我們錯
出埃及記	25	14	杠	杠	槓	槓	我們錯
出埃及記	25	15	杠	杠	槓	槓	我們錯
出埃及記	25	25	梁	梁	樑	樑	我們錯
出埃及記	25	27	抬	擡	抬	抬	我們錯
出埃及記	25	27	杠	杠	槓	槓	我們錯
出埃及記	25	27	梁	梁	樑	樑	我們錯
出埃及記	25	28	抬	擡	抬	抬	我們錯
出埃及記	25	28	杠	杠	槓	槓	我們錯
出埃及記	26	1	捻	撚	捻	撚	他們錯
出埃及記	26	1	朱	朱	硃	朱	他們錯
出埃及記	26	4	扣	扣	釦	扣	他們錯
出埃及記	26	5	扣	扣	釦	扣	他們錯
出埃及記	26	10	扣	扣	釦	扣	他們錯
出埃及記	26	11	扣	扣	釦	扣	他們錯
出埃及記	26	31	捻	撚	捻	撚	他們錯
出埃及記	26	31	朱	朱	硃	朱	他們錯
出埃及記	26	33	抬	擡	抬	抬	我們錯
出埃及記	26	36	捻	撚	捻	撚	他們錯
出埃及記	26	36	朱	朱	硃	朱	他們錯
出埃及記	27	6	杠	杠	槓	槓	我們錯
出埃及記	27	7	抬	擡	抬	抬	我們錯
出埃及記	27	7	杠	杠	槓	槓	我們錯
出埃及記	27	9	捻	撚	捻	撚	他們錯
出埃及記	27	10	杆	桿	杆	杆	我們錯
出埃及記	27	11	杆	桿	杆	杆	我們錯
出埃及記	27	16	捻	撚	捻	撚	他們錯
出埃及記	27	16	朱	朱	硃	朱	他們錯
出埃及記	27	17	杆	桿	杆	杆	我們錯
出埃及記	27	18	捻	撚	捻	撚	他們錯
出埃及記	28	5	朱	朱	硃	朱	他們錯
出埃及記	28	6	捻	撚	捻	撚	他們錯
出埃及記	28	6	朱	朱	硃	朱	他們錯
出埃及記	28	8	捻	撚	捻	撚	他們錯
出埃及記	28	8	朱	朱	硃	朱	他們錯
出埃及記	28	15	捻	撚	捻	撚	他們錯
出埃及記	28	15	朱	朱	硃	朱	他們錯
出埃及記	28	24	链	鏈	鍊	鍊	我們錯
出埃及記	28	28	系	系	繫	繫	我們錯
出埃及記	28	33	朱	朱	硃	朱	他們錯
出埃及記	29	2	面	麵	面	麵	他們錯
出埃及記	29	13	脏	臟	髒	臟	他們錯
出埃及記	29	22	脏	臟	髒	臟	他們錯
出埃及記	29	40	面	麵	麪	麵	他們錯
出埃及記	30	4	抬	擡	抬	抬	我們錯
出埃及記	30	4	杠	杠	槓	槓	我們錯
出埃及記	30	5	杠	杠	槓	槓	我們錯
出埃及記	33	4	凶	兇	凶	凶	我們錯
出埃及記	35	6	朱	朱	硃	朱	他們錯
出埃及記	35	12	杠	杠	槓	槓	我們錯
出埃及記	35	13	杠	杠	槓	槓	我們錯
出埃及記	35	15	杠	杠	槓	槓	我們錯
出埃及記	35	16	杠	杠	槓	槓	我們錯
出埃及記	35	23	朱	朱	硃	朱	他們錯
出埃及記	35	25	朱	朱	硃	朱	他們錯
出埃及記	35	35	朱	朱	硃	朱	他們錯
出埃及記	36	8	捻	撚	捻	撚	他們錯
出埃及記	36	8	朱	朱	硃	朱	他們錯
出埃及記	36	11	扣	扣	釦	扣	他們錯
出埃及記	36	12	扣	扣	釦	扣	他們錯
出埃及記	36	17	扣	扣	釦	扣	他們錯
出埃及記	36	35	捻	撚	捻	撚	他們錯
出埃及記	36	35	朱	朱	硃	朱	他們錯
出埃及記	36	37	捻	撚	捻	撚	他們錯
出埃及記	36	37	朱	朱	硃	朱	他們錯
出埃及記	36	38	杆	桿	杆	杆	我們錯
出埃及記	37	4	杠	杠	槓	槓	我們錯
出埃及記	37	5	抬	擡	抬	抬	我們錯
出埃及記	37	5	杠	杠	槓	槓	我們錯
出埃及記	37	12	梁	梁	樑	樑	我們錯
出埃及記	37	14	抬	擡	抬	抬	我們錯
出埃及記	37	14	杠	杠	槓	槓	我們錯
出埃及記	37	14	梁	梁	樑	樑	我們錯
出埃及記	37	15	抬	擡	抬	抬	我們錯
出埃及記	37	15	杠	杠	槓	槓	我們錯
出埃及記	37	27	抬	擡	抬	抬	我們錯
出埃及記	37	27	杠	杠	槓	槓	我們錯
出埃及記	37	28	杠	杠	槓	槓	我們錯
出埃及記	38	5	杠	杠	槓	槓	我們錯
出埃及記	38	6	杠	杠	槓	槓	我們錯
出埃及記	38	7	抬	擡	抬	抬	我們錯
出埃及記	38	7	杠	杠	槓	槓	我們錯
出埃及記	38	9	捻	撚	捻	撚	他們錯
出埃及記	38	10	杆	桿	杆	杆	我們錯
出埃及記	38	11	杆	桿	杆	杆	我們錯
出埃及記	38	12	杆	桿	杆	杆	我們錯
出埃及記	38	16	捻	撚	捻	撚	他們錯
出埃及記	38	17	杆	桿	杆	杆	我們錯
出埃及記	38	18	捻	撚	捻	撚	他們錯
出埃及記	38	18	朱	朱	硃	朱	他們錯
出埃及記	38	19	杆	桿	杆	杆	我們錯
出埃及記	38	23	朱	朱	硃	朱	他們錯
出埃及記	38	28	杆	桿	杆	杆	我們錯
出埃及記	39	1	朱	朱	硃	朱	他們錯
出埃及記	39	1	致	致	緻	緻	我們錯
出埃及記	39	2	捻	撚	捻	撚	他們錯
出埃及記	39	2	朱	朱	硃	朱	他們錯
出埃及記	39	3	朱	朱	硃	朱	他們錯
出埃及記	39	5	捻	撚	捻	撚	他們錯
出埃及記	39	5	朱	朱	硃	朱	他們錯
出埃及記	39	8	捻	撚	捻	撚	他們錯
出埃及記	39	8	朱	朱	硃	朱	他們錯
出埃及記	39	17	链	鏈	鍊	鍊	我們錯
出埃及記	39	21	系	系	繫	繫	我們錯
出埃及記	39	24	捻	撚	捻	撚	他們錯
出埃及記	39	24	朱	朱	硃	朱	他們錯
出埃及記	39	28	捻	撚	捻	撚	他們錯
出埃及記	39	29	捻	撚	捻	撚	他們錯
出埃及記	39	29	朱	朱	硃	朱	他們錯
出埃及記	39	35	杠	杠	槓	槓	我們錯
出埃及記	39	39	杠	杠	槓	槓	我們錯
出埃及記	40	20	杠	杠	槓	槓	我們錯
出埃及記	40	21	抬	擡	抬	抬	我們錯
列王紀上	2	11	仑	崙	侖	崙	他們錯
列王紀上	2	17	念	念	唸	念	他們錯
列王紀上	2	21	念	念	唸	念	他們錯
列王紀上	2	22	念	念	唸	念	他們錯
列王紀上	2	26	抬	擡	抬	抬	我們錯
列王紀上	4	5	布	布	佈	布	他們錯
列王紀上	4	22	面	麵	麪	麵	他們錯
列王紀上	5	15	抬	擡	抬	抬	我們錯
列王紀上	6	9	梁	梁	樑	樑	我們錯
列王紀上	6	10	梁	梁	樑	樑	我們錯
列王紀上	6	21	链	鏈	鍊	鍊	我們錯
列王紀上	6	34	折	折	摺	摺	我們錯
列王紀上	8	3	抬	擡	抬	抬	我們錯
列王紀上	8	6	抬	擡	抬	抬	我們錯
列王紀上	8	7	抬	擡	抬	抬	我們錯
列王紀上	8	7	杠	杠	槓	槓	我們錯
列王紀上	8	8	杠	杠	槓	槓	我們錯
列王紀上	8	48	尽	盡	儘	盡	他們錯
列王紀上	9	7	舍	舍	捨	捨	我們錯
列王紀上	9	17	仑	崙	侖	崙	他們錯
列王紀上	10	12	杆	桿	杆	杆	我們錯
列王紀上	12	9	松	松	鬆	鬆	我們錯
列王紀上	14	6	凶	兇	凶	凶	我們錯
列王紀上	17	7	干	乾	幹	乾	他們錯
列王紀上	18	32	谷	穀	谷	穀	他們錯
列王紀上	18	37	回	回	迴	回	他們錯
列王紀上	20	38	蒙	蒙	矇	蒙	他們錯
列王紀上	20	41	蒙	蒙	矇	蒙	他們錯
列王紀上	21	8	托	托	託	託	我們錯
列王紀上	22	8	托	托	託	託	我們錯
列王紀上	22	11	抵	抵	牴	牴	我們錯
列王紀下	1	2	杆	桿	杆	杆	我們錯
列王紀下	2	8	卷	卷	捲	捲	我們錯
列王紀下	3	11	托	托	託	託	我們錯
列王紀下	3	26	冲	沖	衝	衝	我們錯
列王紀下	4	41	面	麵	面	麵	他們錯
列王紀下	5	23	抬	擡	抬	抬	我們錯
列王紀下	7	1	面	麵	麪	麵	他們錯
列王紀下	7	12	饥	饑	飢	飢	我們錯
列王紀下	7	16	面	麵	麪	麵	他們錯
列王紀下	7	18	面	麵	麪	麵	他們錯
列王紀下	8	8	托	托	託	託	我們錯
列王紀下	8	15	蒙	蒙	矇	蒙	他們錯
列王紀下	9	32	抬	擡	抬	抬	我們錯
列王紀下	11	6	闲	閑	閒	閒	我們錯
列王紀下	12	9	钻	鉆	鑽	鑽	我們錯
列王紀下	12	13	杯	杯	盃	杯	他們錯
列王紀下	17	9	了	了	瞭	瞭	我們錯
列王紀下	18	8	了	了	瞭	瞭	我們錯
列王紀下	19	24	干	乾	幹	乾	他們錯
列王紀下	20	7	愈	愈	癒	癒	我們錯
列王紀下	20	12	愈	愈	癒	癒	我們錯
列王紀下	23	3	尽	盡	儘	盡	他們錯
列王紀下	23	25	尽	盡	儘	盡	他們錯
列王紀下	23	35	征	征	徵	征	他們錯
列王紀下	24	15	后	後	后	后	我們錯
列王紀下	25	27	抬	擡	抬	抬	我們錯
利未記	1	16	脏	臟	髒	髒	我們錯
利未記	2	1	面	麵	麪	麵	他們錯
利未記	2	2	面	麵	麪	麵	他們錯
利未記	2	4	面	麵	麪	麵	他們錯
利未記	2	5	面	麵	麪	麵	他們錯
利未記	2	7	面	麵	麪	麵	他們錯
利未記	3	3	脏	臟	髒	臟	他們錯
利未記	3	9	脏	臟	髒	臟	他們錯
利未記	3	14	脏	臟	髒	臟	他們錯
利未記	4	8	脏	臟	髒	臟	他們錯
利未記	4	11	脏	臟	髒	臟	他們錯
利未記	5	11	面	麵	麪	麵	他們錯
利未記	5	13	面	麵	面	麵	他們錯
利未記	6	15	面	麵	麪	麵	他們錯
利未記	6	20	面	麵	麪	麵	他們錯
利未記	7	3	脏	臟	髒	臟	他們錯
利未記	7	12	面	麵	麪	麵	他們錯
利未記	7	19	挨	挨	捱	挨	他們錯
利未記	8	16	脏	臟	髒	臟	他們錯
利未記	8	25	脏	臟	髒	臟	他們錯
利未記	9	19	脏	臟	髒	臟	他們錯
利未記	10	4	抬	擡	抬	抬	我們錯
利未記	10	5	抬	擡	抬	抬	我們錯
利未記	10	6	发	髮	發	髮	他們錯
利未記	11	17	鸮	鸮	鴞	鴞	我們錯
利未記	11	17	鹚	鶿	鷀	鶿	他們錯
利未記	11	36	挨	挨	捱	挨	他們錯
利未記	13	37	愈	愈	癒	癒	我們錯
利未記	13	40	发	髮	發	髮	他們錯
利未記	13	45	发	髮	發	髮	他們錯
利未記	14	3	愈	愈	癒	癒	我們錯
利未記	14	4	朱	朱	硃	朱	他們錯
利未記	14	6	朱	朱	硃	朱	他們錯
利未記	14	10	面	麵	麪	麵	他們錯
利未記	14	21	面	麵	麪	麵	他們錯
利未記	14	43	刮	刮	颳	刮	他們錯
利未記	14	49	朱	朱	硃	朱	他們錯
利未記	14	51	朱	朱	硃	朱	他們錯
利未記	14	52	朱	朱	硃	朱	他們錯
利未記	15	2	症	癥	症	症	我們錯
利未記	15	3	症	癥	症	症	我們錯
利未記	15	6	症	癥	症	症	我們錯
利未記	15	7	症	癥	症	症	我們錯
利未記	15	8	症	癥	症	症	我們錯
利未記	15	9	症	癥	症	症	我們錯
利未記	15	11	症	癥	症	症	我們錯
利未記	15	12	症	癥	症	症	我們錯
利未記	15	13	愈	愈	癒	癒	我們錯
利未記	15	13	症	癥	症	症	我們錯
利未記	15	15	症	癥	症	症	我們錯
利未記	15	25	症	癥	症	症	我們錯
利未記	15	26	症	癥	症	症	我們錯
利未記	15	28	症	癥	症	症	我們錯
利未記	15	32	症	癥	症	症	我們錯
利未記	15	33	症	癥	症	症	我們錯
利未記	18	22	苟	茍	苟	苟	我們錯
利未記	19	13	雇	雇	僱	雇	他們錯
利未記	19	27	胡	胡	鬍	鬍	我們錯
利未記	19	27	须	須	鬚	鬚	我們錯
利未記	19	36	斗	鬥	斗	斗	我們錯
利未記	20	10	奸	奸	姦	姦	我們錯
利未記	20	13	苟	茍	苟	苟	我們錯
利未記	21	10	发	髮	發	髮	他們錯
利未記	22	4	症	癥	症	症	我們錯
利未記	22	10	雇	雇	僱	雇	他們錯
利未記	23	13	面	麵	麪	麵	他們錯
利未記	23	17	面	麵	麪	麵	他們錯
利未記	24	5	面	麵	面	麵	他們錯
利未記	24	5	面	麵	麪	麵	他們錯
利未記	24	10	闲	閑	閒	閒	我們錯
利未記	25	6	雇	雇	僱	雇	他們錯
利未記	25	40	雇	雇	僱	雇	他們錯
利未記	25	53	雇	雇	僱	雇	他們錯
創世記	2	14	里	裏	里	里	我們錯
創世記	3	19	糊	糊	餬	糊	他們錯
創世記	6	13	并	並	併	併	我們錯
創世記	6	17	泛	泛	氾	氾	我們錯
創世記	7	6	泛	泛	氾	氾	我們錯
創世記	7	10	泛	泛	氾	氾	我們錯
創世記	7	17	泛	泛	氾	氾	我們錯
創世記	8	7	干	乾	幹	乾	他們錯
創世記	8	13	干	乾	幹	乾	他們錯
創世記	8	14	干	乾	幹	乾	他們錯
創世記	9	15	泛	泛	氾	氾	我們錯
創世記	9	23	背	背	揹	背	他們錯
創世記	10	14	托	托	託	託	我們錯
創世記	13	18	仑	崙	侖	崙	他們錯
創世記	18	6	面	麵	麪	麵	他們錯
創世記	19	15	了	了	瞭	了	他們錯
創世記	20	16	合	合	閤	閤	我們錯
創世記	21	25	占	占	佔	佔	我們錯
創世記	23	2	仑	崙	侖	崙	他們錯
創世記	23	8	仑	崙	侖	崙	他們錯
創世記	23	10	仑	崙	侖	崙	他們錯
創世記	23	13	仑	崙	侖	崙	他們錯
創世記	23	14	仑	崙	侖	崙	他們錯
創世記	23	16	仑	崙	侖	崙	他們錯
創世記	23	17	仑	崙	侖	崙	他們錯
創世記	23	19	仑	崙	侖	崙	他們錯
創世記	24	18	托	托	託	托	他們錯
創世記	24	32	喂	餵	喂	餵	他們錯
創世記	25	9	仑	崙	侖	崙	他們錯
創世記	29	29	辟	辟	闢	辟	他們錯
創世記	30	3	辟	辟	闢	辟	他們錯
創世記	30	4	辟	辟	闢	辟	他們錯
創世記	30	5	辟	辟	闢	辟	他們錯
創世記	30	7	辟	辟	闢	辟	他們錯
創世記	30	16	雇	雇	僱	雇	他們錯
創世記	31	20	背	背	揹	背	他們錯
創世記	31	26	背	背	揹	背	他們錯
創世記	31	37	具	具	俱	具	他們錯
創世記	31	37	家	家	傢	家	他們錯
創世記	31	40	合	合	閤	合	他們錯
創世記	31	49	鉴	鑒	鑑	鑒	他們錯
創世記	32	16	闲	閑	閒	閒	我們錯
創世記	32	17	尽	盡	儘	儘	我們錯
創世記	32	26	了	了	瞭	了	他們錯
創世記	34	3	系	系	繫	繫	我們錯
創世記	35	19	恒	恒	恆	恆	我們錯
創世記	35	22	辟	辟	闢	辟	他們錯
創世記	35	25	辟	辟	闢	辟	他們錯
創世記	35	27	仑	崙	侖	崙	他們錯
創世記	36	27	干	干	幹	干	他們錯
創世記	36	27	辟	辟	闢	辟	他們錯
創世記	37	2	辟	辟	闢	辟	他們錯
創世記	37	3	彩	彩	綵	彩	他們錯
創世記	37	14	仑	崙	侖	崙	他們錯
創世記	37	23	彩	彩	綵	彩	他們錯
創世記	37	31	彩	彩	綵	彩	他們錯
創世記	38	20	托	托	託	託	我們錯
創世記	41	3	干	乾	幹	乾	他們錯
創世記	41	4	干	乾	幹	乾	他們錯
創世記	41	19	干	乾	幹	乾	他們錯
創世記	41	20	干	乾	幹	乾	他們錯
創世記	41	27	干	乾	幹	乾	他們錯
創世記	41	34	征	征	徵	征	他們錯
創世記	41	49	谷	穀	谷	穀	他們錯
創世記	44	2	杯	杯	盃	杯	他們錯
創世記	44	13	抬	擡	抬	抬	我們錯
創世記	45	17	抬	擡	抬	抬	我們錯
創世記	45	20	具	具	俱	具	他們錯
創世記	45	20	家	家	傢	家	他們錯
創世記	45	27	苏	蘇	甦	甦	我們錯
創世記	46	13	仑	崙	侖	崙	他們錯
創世記	46	16	芸	蕓	芸	芸	我們錯
創世記	46	25	辟	辟	闢	辟	他們錯
創世記	48	7	恒	恒	恆	恆	我們錯
創世記	49	4	欲	欲	慾	慾	我們錯
創世記	49	29	仑	崙	侖	崙	他們錯
創世記	49	30	仑	崙	侖	崙	他們錯
創世記	50	13	仑	崙	侖	崙	他們錯
士師記	1	10	仑	崙	侖	崙	他們錯
士師記	1	20	仑	崙	侖	崙	他們錯
士師記	2	6	占	占	佔	佔	我們錯
士師記	3	13	占	占	佔	佔	我們錯
士師記	3	15	托	托	託	託	我們錯
士師記	3	18	抬	擡	抬	抬	我們錯
士師記	3	19	回	回	迴	迴	我們錯
士師記	5	15	冲	沖	衝	衝	我們錯
士師記	5	15	志	誌	志	志	我們錯
士師記	5	21	冲	沖	衝	沖	他們錯
士師記	5	30	彩	彩	綵	彩	他們錯
士師記	6	19	面	麵	麪	麵	他們錯
士師記	6	21	挨	挨	捱	挨	他們錯
士師記	7	12	布	布	佈	布	他們錯
士師記	8	26	链	鏈	鍊	鍊	我們錯
士師記	8	28	抬	擡	抬	抬	我們錯
士師記	9	4	雇	雇	僱	雇	他們錯
士師記	9	9	飖	飖	颻	颻	我們錯
士師記	9	11	飖	飖	颻	颻	我們錯
士師記	9	13	飖	飖	颻	颻	我們錯
士師記	9	33	出	出	齣	出	他們錯
士師記	9	41	准	準	准	准	我們錯
士師記	11	13	占	占	佔	佔	我們錯
士師記	11	15	占	占	佔	佔	我們錯
士師記	11	17	准	準	准	准	我們錯
士師記	11	37	准	準	准	准	我們錯
士師記	12	8	恒	恒	恆	恆	我們錯
士師記	12	8	赞	讚	贊	讚	他們錯
士師記	12	10	恒	恒	恆	恆	我們錯
士師記	12	10	赞	讚	贊	讚	他們錯
士師記	12	11	赞	讚	贊	讚	他們錯
士師記	12	12	仑	崙	侖	崙	他們錯
士師記	13	5	出	出	齣	出	他們錯
士師記	15	4	狸	貍	狸	狸	我們錯
士師記	15	5	狸	貍	狸	狸	我們錯
士師記	15	9	布	布	佈	布	他們錯
士師記	16	3	仑	崙	侖	崙	他們錯
士師記	16	5	克	克	剋	剋	我們錯
士師記	16	6	克	克	剋	剋	我們錯
士師記	16	13	发	髮	發	髮	他們錯
士師記	16	14	发	髮	發	髮	他們錯
士師記	16	19	克	克	剋	剋	我們錯
士師記	16	26	托	托	託	托	他們錯
士師記	16	29	托	托	託	托	他們錯
士師記	16	31	抬	擡	抬	抬	我們錯
士師記	17	7	恒	恒	恆	恆	我們錯
士師記	17	8	恒	恒	恆	恆	我們錯
士師記	17	9	恒	恒	恆	恆	我們錯
士師記	19	1	恒	恒	恆	恆	我們錯
士師記	19	2	恒	恒	恆	恆	我們錯
士師記	19	18	恒	恒	恆	恆	我們錯
士師記	19	19	喂	餵	喂	餵	他們錯
士師記	19	21	喂	餵	喂	餵	他們錯
士師記	20	5	奸	奸	姦	姦	我們錯
士師記	20	9	签	簽	籤	籤	我們錯
士師記	20	33	冲	沖	衝	衝	我們錯
士師記	20	40	冲	沖	衝	沖	他們錯
尼希米記	2	8	准	準	准	准	我們錯
尼希米記	2	8	梁	梁	樑	樑	我們錯
尼希米記	2	10	并	並	併	並	他們錯
尼希米記	2	19	并	並	併	並	他們錯
尼希米記	3	3	梁	梁	樑	樑	我們錯
尼希米記	3	6	梁	梁	樑	樑	我們錯
尼希米記	4	3	狸	貍	狸	狸	我們錯
尼希米記	4	10	抬	擡	抬	抬	我們錯
尼希米記	4	17	抬	擡	抬	抬	我們錯
尼希米記	5	3	饥	饑	飢	飢	我們錯
尼希米記	5	16	恒	恒	恆	恆	我們錯
尼希米記	7	18	干	干	幹	干	他們錯
尼希米記	7	26	恒	恒	恆	恆	我們錯
尼希米記	7	69	只	隻	只	隻	他們錯
尼希米記	9	10	迹	跡	蹟	蹟	我們錯
尼希米記	9	15	饥	饑	飢	飢	我們錯
尼希米記	9	20	糊	糊	餬	糊	他們錯
尼希米記	10	34	签	簽	籤	籤	我們錯
尼希米記	10	37	面	麵	面	麵	他們錯
尼希米記	11	1	签	簽	籤	籤	我們錯
尼希米記	13	2	雇	雇	僱	雇	他們錯
尼希米記	13	3	闲	閑	閒	閒	我們錯
尼希米記	13	8	具	具	俱	具	他們錯
尼希米記	13	8	家	家	傢	家	他們錯
尼希米記	13	29	背	背	揹	背	他們錯
撒母耳記上	1	1	托	托	託	託	我們錯
撒母耳記上	1	17	准	準	准	准	我們錯
撒母耳記上	1	24	面	麵	麪	麵	他們錯
撒母耳記上	2	5	饥	饑	飢	飢	我們錯
撒母耳記上	2	8	抬	擡	抬	抬	我們錯
撒母耳記上	2	22	苟	茍	苟	苟	我們錯
撒母耳記上	4	3	抬	擡	抬	抬	我們錯
撒母耳記上	4	4	抬	擡	抬	抬	我們錯
撒母耳記上	5	1	抬	擡	抬	抬	我們錯
撒母耳記上	5	2	抬	擡	抬	抬	我們錯
撒母耳記上	6	3	愈	愈	癒	癒	我們錯
撒母耳記上	10	20	签	簽	籤	籤	我們錯
撒母耳記上	11	7	托	托	託	託	我們錯
撒母耳記上	12	2	发	髮	發	髮	他們錯
撒母耳記上	13	18	仑	崙	侖	崙	他們錯
撒母耳記上	14	2	仑	崙	侖	崙	他們錯
撒母耳記上	14	29	尝	嘗	嚐	嘗	他們錯
撒母耳記上	14	31	仑	崙	侖	崙	他們錯
撒母耳記上	14	41	签	簽	籤	籤	我們錯
撒母耳記上	14	42	签	簽	籤	籤	我們錯
撒母耳記上	14	43	尝	嘗	嚐	嘗	他們錯
撒母耳記上	15	30	抬	擡	抬	抬	我們錯
撒母耳記上	16	1	恒	恒	恆	恆	我們錯
撒母耳記上	16	4	恒	恒	恆	恆	我們錯
撒母耳記上	16	18	恒	恒	恆	恆	我們錯
撒母耳記上	17	6	背	背	揹	背	他們錯
撒母耳記上	17	12	恒	恒	恆	恆	我們錯
撒母耳記上	17	15	恒	恒	恆	恆	我們錯
撒母耳記上	17	20	托	托	託	託	我們錯
撒母耳記上	17	28	托	托	託	託	我們錯
撒母耳記上	17	58	恒	恒	恆	恆	我們錯
撒母耳記上	19	15	抬	擡	抬	抬	我們錯
撒母耳記上	20	6	恒	恒	恆	恆	我們錯
撒母耳記上	20	28	恒	恒	恆	恆	我們錯
撒母耳記上	21	2	托	托	託	託	我們錯
撒母耳記上	21	13	胡	胡	鬍	鬍	我們錯
撒母耳記上	21	13	胡	鬍	胡	胡	我們錯
撒母耳記上	24	15	鉴	鑒	鑑	鑒	他們錯
撒母耳記上	28	24	面	麵	面	麵	他們錯
撒母耳記上	30	3	毁	毀	燬	毀	他們錯
撒母耳記上	30	31	仑	崙	侖	崙	他們錯
撒母耳記下	1	24	朱	朱	硃	朱	他們錯
撒母耳記下	2	1	仑	崙	侖	崙	他們錯
撒母耳記下	2	3	仑	崙	侖	崙	他們錯
撒母耳記下	2	4	仑	崙	侖	崙	他們錯
撒母耳記下	2	11	仑	崙	侖	崙	他們錯
撒母耳記下	2	32	仑	崙	侖	崙	他們錯
撒母耳記下	2	32	恒	恒	恆	恆	我們錯
撒母耳記下	3	2	仑	崙	侖	崙	他們錯
撒母耳記下	3	5	仑	崙	侖	崙	他們錯
撒母耳記下	3	19	仑	崙	侖	崙	他們錯
撒母耳記下	3	20	仑	崙	侖	崙	他們錯
撒母耳記下	3	22	仑	崙	侖	崙	他們錯
撒母耳記下	3	27	仑	崙	侖	崙	他們錯
撒母耳記下	3	29	症	癥	症	症	我們錯
撒母耳記下	3	32	仑	崙	侖	崙	他們錯
撒母耳記下	4	1	仑	崙	侖	崙	他們錯
撒母耳記下	4	8	仑	崙	侖	崙	他們錯
撒母耳記下	4	12	仑	崙	侖	崙	他們錯
撒母耳記下	5	1	仑	崙	侖	崙	他們錯
撒母耳記下	5	3	仑	崙	侖	崙	他們錯
撒母耳記下	5	5	仑	崙	侖	崙	他們錯
撒母耳記下	5	13	仑	崙	侖	崙	他們錯
撒母耳記下	5	13	后	後	后	后	我們錯
撒母耳記下	5	18	布	布	佈	布	他們錯
撒母耳記下	5	20	冲	沖	衝	沖	他們錯
撒母耳記下	5	22	布	布	佈	布	他們錯
撒母耳記下	6	3	抬	擡	抬	抬	我們錯
撒母耳記下	6	4	抬	擡	抬	抬	我們錯
撒母耳記下	6	12	抬	擡	抬	抬	我們錯
撒母耳記下	6	13	抬	擡	抬	抬	我們錯
撒母耳記下	6	15	抬	擡	抬	抬	我們錯
撒母耳記下	12	4	舍	舍	捨	捨	我們錯
撒母耳記下	13	8	面	麵	麪	麵	他們錯
撒母耳記下	13	18	彩	彩	綵	彩	他們錯
撒母耳記下	13	19	彩	彩	綵	彩	他們錯
撒母耳記下	13	28	注	註	注	注	我們錯
撒母耳記下	14	25	瑕	瑕	暇	瑕	他們錯
撒母耳記下	14	29	托	托	託	託	我們錯
撒母耳記下	14	32	托	托	託	託	我們錯
撒母耳記下	15	7	仑	崙	侖	崙	他們錯
撒母耳記下	15	9	仑	崙	侖	崙	他們錯
撒母耳記下	15	10	仑	崙	侖	崙	他們錯
撒母耳記下	15	24	抬	擡	抬	抬	我們錯
撒母耳記下	15	25	抬	擡	抬	抬	我們錯
撒母耳記下	15	29	抬	擡	抬	抬	我們錯
撒母耳記下	15	30	蒙	蒙	矇	蒙	他們錯
撒母耳記下	15	36	托	托	託	託	我們錯
撒母耳記下	16	1	面	麵	麪	麵	他們錯
撒母耳記下	16	2	面	麵	麪	麵	他們錯
撒母耳記下	17	28	谷	穀	谷	穀	他們錯
撒母耳記下	17	28	面	麵	面	麵	他們錯
撒母耳記下	17	29	困	困	睏	困	他們錯
撒母耳記下	17	29	饥	饑	飢	飢	我們錯
撒母耳記下	18	14	杆	桿	杆	杆	我們錯
撒母耳記下	18	29	哗	嘩	譁	嘩	他們錯
撒母耳記下	19	35	尝	嘗	嚐	嘗	他們錯
撒母耳記下	21	19	恒	恒	恆	恆	我們錯
撒母耳記下	22	2	岩	巖	岩	巖	他們錯
撒母耳記下	22	16	出	出	齣	出	他們錯
撒母耳記下	22	30	冲	沖	衝	衝	我們錯
撒母耳記下	23	14	恒	恒	恆	恆	我們錯
撒母耳記下	23	15	恒	恒	恆	恆	我們錯
撒母耳記下	23	16	恒	恒	恆	恆	我們錯
撒母耳記下	23	24	恒	恒	恆	恆	我們錯
歷代志上	1	12	托	托	託	託	我們錯
歷代志上	1	42	干	干	幹	干	他們錯
歷代志上	1	42	辟	辟	闢	辟	他們錯
歷代志上	2	7	干	干	幹	干	他們錯
歷代志上	2	42	仑	崙	侖	崙	他們錯
歷代志上	2	43	仑	崙	侖	崙	他們錯
歷代志上	2	44	干	干	幹	干	他們錯
歷代志上	2	51	恒	恒	恆	恆	我們錯
歷代志上	2	54	恒	恒	恆	恆	我們錯
歷代志上	3	1	仑	崙	侖	崙	他們錯
歷代志上	3	4	仑	崙	侖	崙	他們錯
歷代志上	3	23	干	干	幹	干	他們錯
歷代志上	4	4	恒	恒	恆	恆	我們錯
歷代志上	4	8	仑	崙	侖	崙	他們錯
歷代志上	4	22	恒	恒	恆	恆	我們錯
歷代志上	4	29	辟	辟	闢	辟	他們錯
歷代志上	5	13	干	干	幹	干	他們錯
歷代志上	6	55	仑	崙	侖	崙	他們錯
歷代志上	6	57	仑	崙	侖	崙	他們錯
歷代志上	6	58	仑	崙	侖	崙	他們錯
歷代志上	6	68	仑	崙	侖	崙	他們錯
歷代志上	6	69	仑	崙	侖	崙	他們錯
歷代志上	7	1	仑	崙	侖	崙	他們錯
歷代志上	7	13	辟	辟	闢	辟	他們錯
歷代志上	7	24	仑	崙	侖	崙	他們錯
歷代志上	8	9	干	干	幹	干	他們錯
歷代志上	8	13	仑	崙	侖	崙	他們錯
歷代志上	8	38	干	干	幹	干	他們錯
歷代志上	9	27	托	托	託	託	我們錯
歷代志上	9	29	面	麵	麪	麵	他們錯
歷代志上	9	44	干	干	幹	干	他們錯
歷代志上	11	1	仑	崙	侖	崙	他們錯
歷代志上	11	3	仑	崙	侖	崙	他們錯
歷代志上	11	16	恒	恒	恆	恆	我們錯
歷代志上	11	17	恒	恒	恆	恆	我們錯
歷代志上	11	18	恒	恒	恆	恆	我們錯
歷代志上	11	26	恒	恒	恆	恆	我們錯
歷代志上	12	23	仑	崙	侖	崙	他們錯
歷代志上	12	38	仑	崙	侖	崙	他們錯
歷代志上	12	40	干	乾	幹	乾	他們錯
歷代志上	12	40	面	麵	面	麵	他們錯
歷代志上	13	7	抬	擡	抬	抬	我們錯
歷代志上	14	3	后	後	后	后	我們錯
歷代志上	14	9	布	布	佈	布	他們錯
歷代志上	14	11	冲	沖	衝	沖	他們錯
歷代志上	14	13	布	布	佈	布	他們錯
歷代志上	15	2	抬	擡	抬	抬	我們錯
歷代志上	15	3	抬	擡	抬	抬	我們錯
歷代志上	15	9	仑	崙	侖	崙	他們錯
歷代志上	15	12	抬	擡	抬	抬	我們錯
歷代志上	15	13	抬	擡	抬	抬	我們錯
歷代志上	15	14	抬	擡	抬	抬	我們錯
歷代志上	15	15	抬	擡	抬	抬	我們錯
歷代志上	15	15	杠	杠	槓	槓	我們錯
歷代志上	15	25	抬	擡	抬	抬	我們錯
歷代志上	15	26	抬	擡	抬	抬	我們錯
歷代志上	15	27	抬	擡	抬	抬	我們錯
歷代志上	15	28	抬	擡	抬	抬	我們錯
歷代志上	16	20	游	遊	游	游	我們錯
歷代志上	19	6	雇	雇	僱	雇	他們錯
歷代志上	19	7	雇	雇	僱	雇	他們錯
歷代志上	23	26	抬	擡	抬	抬	我們錯
歷代志上	23	29	斗	鬥	斗	斗	我們錯
歷代志上	23	29	面	麵	麪	麵	他們錯
歷代志上	24	5	签	簽	籤	籤	我們錯
歷代志上	24	7	签	簽	籤	籤	我們錯
歷代志上	24	15	辟	辟	闢	闢	我們錯
歷代志上	24	31	签	簽	籤	籤	我們錯
歷代志上	25	8	签	簽	籤	籤	我們錯
歷代志上	25	9	签	簽	籤	籤	我們錯
歷代志上	26	13	签	簽	籤	籤	我們錯
歷代志上	26	14	签	簽	籤	籤	我們錯
歷代志上	27	1	周	周	週	週	我們錯
歷代志上	27	30	仑	崙	侖	崙	他們錯
歷代志上	28	7	恒	恒	恆	恆	我們錯
歷代志上	28	9	鉴	鑒	鑑	鑒	他們錯
歷代志上	29	27	仑	崙	侖	崙	他們錯
歷代志下	2	2	抬	擡	抬	抬	我們錯
歷代志下	2	7	朱	朱	硃	朱	他們錯
歷代志下	2	14	朱	朱	硃	朱	他們錯
歷代志下	2	18	抬	擡	抬	抬	我們錯
歷代志下	3	7	梁	梁	樑	樑	我們錯
歷代志下	3	14	朱	朱	硃	朱	他們錯
歷代志下	5	4	抬	擡	抬	抬	我們錯
歷代志下	5	7	抬	擡	抬	抬	我們錯
歷代志下	5	8	抬	擡	抬	抬	我們錯
歷代志下	5	8	杠	杠	槓	槓	我們錯
歷代志下	5	9	杠	杠	槓	槓	我們錯
歷代志下	6	37	回	回	迴	回	他們錯
歷代志下	6	38	尽	盡	儘	盡	他們錯
歷代志下	7	20	舍	舍	捨	捨	我們錯
歷代志下	8	5	仑	崙	侖	崙	他們錯
歷代志下	10	9	松	松	鬆	鬆	我們錯
歷代志下	11	6	恒	恒	恆	恆	我們錯
歷代志下	11	10	仑	崙	侖	崙	他們錯
歷代志下	15	11	只	隻	只	隻	他們錯
歷代志下	15	12	尽	盡	儘	盡	他們錯
歷代志下	18	7	托	托	託	託	我們錯
歷代志下	18	10	抵	抵	牴	牴	我們錯
歷代志下	24	11	抬	擡	抬	抬	我們錯
歷代志下	24	12	雇	雇	僱	雇	他們錯
歷代志下	24	22	鉴	鑒	鑑	鑒	他們錯
歷代志下	25	13	仑	崙	侖	崙	他們錯
歷代志下	28	18	仑	崙	侖	崙	他們錯
歷代志下	28	18	占	占	佔	佔	我們錯
歷代志下	28	19	干	干	幹	干	他們錯
歷代志下	30	24	只	隻	只	隻	他們錯
歷代志下	31	5	出	出	齣	出	他們錯
歷代志下	32	1	占	占	佔	佔	我們錯
歷代志下	32	11	饥	饑	飢	飢	我們錯
歷代志下	33	13	准	準	准	准	我們錯
歷代志下	33	15	并	並	併	並	他們錯
歷代志下	34	11	梁	梁	樑	樑	我們錯
歷代志下	34	13	抬	擡	抬	抬	我們錯
歷代志下	34	31	尽	盡	儘	盡	他們錯
歷代志下	35	3	抬	擡	抬	抬	我們錯
歷代志下	35	7	只	隻	只	隻	他們錯
歷代志下	35	9	只	隻	只	隻	他們錯
民數記	1	50	抬	擡	抬	抬	我們錯
民數記	4	6	杠	杠	槓	槓	我們錯
民數記	4	8	朱	朱	硃	朱	他們錯
民數記	4	8	杠	杠	槓	槓	我們錯
民數記	4	10	抬	擡	抬	抬	我們錯
民數記	4	11	杠	杠	槓	槓	我們錯
民數記	4	12	抬	擡	抬	抬	我們錯
民數記	4	14	杠	杠	槓	槓	我們錯
民數記	4	15	抬	擡	抬	抬	我們錯
民數記	4	19	抬	擡	抬	抬	我們錯
民數記	4	24	抬	擡	抬	抬	我們錯
民數記	4	25	抬	擡	抬	抬	我們錯
民數記	4	27	抬	擡	抬	抬	我們錯
民數記	4	31	抬	擡	抬	抬	我們錯
民數記	4	32	抬	擡	抬	抬	我們錯
民數記	4	47	抬	擡	抬	抬	我們錯
民數記	4	49	抬	擡	抬	抬	我們錯
民數記	5	2	症	癥	症	症	我們錯
民數記	5	15	面	麵	面	麵	他們錯
民數記	5	18	发	髮	發	髮	他們錯
民數記	5	19	背	背	揹	背	他們錯
民數記	5	20	背	背	揹	背	他們錯
民數記	5	29	背	背	揹	背	他們錯
民數記	6	3	干	乾	幹	乾	他們錯
民數記	6	5	发	髮	發	髮	他們錯
民數記	6	15	面	麵	麪	麵	他們錯
民數記	6	18	发	髮	發	髮	他們錯
民數記	7	9	抬	擡	抬	抬	我們錯
民數記	7	13	面	麵	麪	麵	他們錯
民數記	7	19	面	麵	麪	麵	他們錯
民數記	7	25	面	麵	麪	麵	他們錯
民數記	7	31	面	麵	麪	麵	他們錯
民數記	7	37	面	麵	麪	麵	他們錯
民數記	7	43	面	麵	麪	麵	他們錯
民數記	7	49	面	麵	麪	麵	他們錯
民數記	7	55	面	麵	麪	麵	他們錯
民數記	7	61	面	麵	麪	麵	他們錯
民數記	7	67	面	麵	麪	麵	他們錯
民數記	7	73	面	麵	麪	麵	他們錯
民數記	7	79	面	麵	麪	麵	他們錯
民數記	8	8	面	麵	麪	麵	他們錯
民數記	9	22	云	雲	云	雲	他們錯
民數記	10	17	抬	擡	抬	抬	我們錯
民數記	10	21	抬	擡	抬	抬	我們錯
民數記	11	4	欲	欲	慾	慾	我們錯
民數記	11	4	闲	閑	閒	閒	我們錯
民數記	11	31	刮	刮	颳	颳	我們錯
民數記	11	34	欲	欲	慾	慾	我們錯
民數記	13	22	仑	崙	侖	崙	他們錯
民數記	13	23	抬	擡	抬	抬	我們錯
民數記	13	23	杠	杠	槓	槓	我們錯
民數記	14	11	迹	跡	蹟	蹟	我們錯
民數記	14	22	迹	跡	蹟	蹟	我們錯
民數記	15	4	面	麵	麪	麵	他們錯
民數記	15	6	面	麵	麪	麵	他們錯
民數記	15	9	面	麵	麪	麵	他們錯
民數記	15	20	面	麵	面	麵	他們錯
民數記	15	21	面	麵	面	麵	他們錯
民數記	15	25	并	並	併	並	他們錯
民數記	18	27	谷	穀	谷	穀	他們錯
民數記	19	6	朱	朱	硃	朱	他們錯
民數記	21	8	杆	桿	杆	杆	我們錯
民數記	21	9	杆	桿	杆	杆	我們錯
民數記	21	32	占	占	佔	佔	我們錯
民數記	22	23	回	回	迴	回	他們錯
民數記	26	24	仑	崙	侖	崙	他們錯
民數記	28	5	面	麵	麪	麵	他們錯
民數記	28	9	面	麵	麪	麵	他們錯
民數記	28	12	面	麵	麪	麵	他們錯
民數記	28	13	面	麵	麪	麵	他們錯
民數記	28	20	面	麵	麪	麵	他們錯
民數記	28	28	面	麵	麪	麵	他們錯
民數記	29	3	面	麵	麪	麵	他們錯
民數記	29	9	面	麵	麪	麵	他們錯
民數記	29	14	面	麵	麪	麵	他們錯
民數記	29	18	并	並	併	並	他們錯
民數記	29	21	并	並	併	並	他們錯
民數記	29	24	并	並	併	並	他們錯
民數記	29	27	并	並	併	並	他們錯
民數記	29	30	并	並	併	並	他們錯
民數記	29	33	并	並	併	並	他們錯
民數記	29	37	并	並	併	並	他們錯
民數記	31	32	只	隻	只	隻	他們錯
民數記	32	39	占	占	佔	佔	我們錯
民數記	32	41	占	占	佔	佔	我們錯
民數記	32	42	占	占	佔	佔	我們錯
民數記	33	31	干	干	幹	干	他們錯
民數記	33	32	干	干	幹	干	他們錯
民數記	34	9	仑	崙	侖	崙	他們錯
民數記	35	30	几	幾	几	幾	他們錯
申命記	2	23	托	托	託	託	我們錯
申命記	3	14	占	占	佔	佔	我們錯
申命記	4	29	尽	盡	儘	盡	他們錯
申命記	4	34	迹	跡	蹟	蹟	我們錯
申命記	5	18	奸	奸	姦	姦	我們錯
申命記	6	5	尽	盡	儘	盡	他們錯
申命記	6	22	迹	跡	蹟	蹟	我們錯
申命記	7	15	症	癥	症	症	我們錯
申命記	7	19	迹	跡	蹟	蹟	我們錯
申命記	8	3	饥	饑	飢	飢	我們錯
申命記	10	6	干	干	幹	干	他們錯
申命記	10	8	抬	擡	抬	抬	我們錯
申命記	10	12	尽	盡	儘	盡	他們錯
申命記	11	3	迹	跡	蹟	蹟	我們錯
申命記	11	13	尽	盡	儘	盡	他們錯
申命記	11	14	谷	谷	穀	穀	我們錯
申命記	13	1	迹	跡	蹟	蹟	我們錯
申命記	13	2	迹	跡	蹟	蹟	我們錯
申命記	13	3	尽	盡	儘	盡	他們錯
申命記	14	13	鹯	鹯	鸇	鸇	我們錯
申命記	14	16	鸮	鸮	鴞	鴞	我們錯
申命記	14	17	鹚	鶿	鷀	鶿	他們錯
申命記	15	18	雇	雇	僱	雇	他們錯
申命記	16	1	注	註	注	注	我們錯
申命記	16	4	面	麵	面	麵	他們錯
申命記	16	13	谷	穀	谷	穀	他們錯
申命記	18	20	托	托	託	託	我們錯
申命記	18	22	托	托	託	託	我們錯
申命記	22	6	并	並	併	併	我們錯
申命記	22	8	杆	桿	杆	杆	我們錯
申命記	22	22	奸	奸	姦	姦	我們錯
申命記	22	22	并	並	併	併	我們錯
申命記	23	4	雇	雇	僱	雇	他們錯
申命記	23	13	铲	鏟	剷	鏟	他們錯
申命記	24	5	托	托	託	託	我們錯
申命記	24	5	闲	閑	閒	閒	我們錯
申命記	24	14	雇	雇	僱	雇	他們錯
申命記	25	4	谷	穀	谷	穀	他們錯
申命記	25	14	斗	鬥	斗	斗	我們錯
申命記	25	15	斗	鬥	斗	斗	我們錯
申命記	25	18	困	困	睏	困	他們錯
申命記	26	8	迹	跡	蹟	蹟	我們錯
申命記	26	16	尽	盡	儘	盡	他們錯
申命記	27	13	布	布	佈	布	他們錯
申命記	27	23	岳	嶽	岳	岳	我們錯
申命記	28	5	面	麵	麪	麵	他們錯
申命記	28	17	面	麵	麪	麵	他們錯
申命記	28	22	症	癥	症	症	我們錯
申命記	28	48	饥	饑	飢	飢	我們錯
申命記	29	3	迹	跡	蹟	蹟	我們錯
申命記	29	23	卤	鹵	滷	鹵	他們錯
申命記	30	2	尽	盡	儘	盡	他們錯
申命記	30	6	尽	盡	儘	盡	他們錯
申命記	30	9	尽	盡	儘	盡	他們錯
申命記	31	9	抬	擡	抬	抬	我們錯
申命記	31	21	念	念	唸	念	他們錯
申命記	31	25	抬	擡	抬	抬	我們錯
申命記	32	15	仑	崙	侖	崙	他們錯
申命記	32	24	饥	饑	飢	飢	我們錯
申命記	33	5	仑	崙	侖	崙	他們錯
申命記	33	17	抵	抵	牴	牴	我們錯
申命記	33	26	仑	崙	侖	崙	他們錯
申命記	34	11	迹	跡	蹟	蹟	我們錯
箴言	1	9	链	鏈	鍊	鍊	我們錯
箴言	1	23	回	回	迴	回	他們錯
箴言	2	13	舍	舍	捨	捨	我們錯
箴言	6	14	布	布	佈	布	他們錯
箴言	6	19	布	布	佈	布	他們錯
箴言	6	30	饥	饑	飢	飢	我們錯
箴言	8	18	恒	恒	恆	恆	我們錯
箴言	9	6	舍	舍	捨	捨	我們錯
箴言	10	3	饥	饑	飢	飢	我們錯
箴言	10	6	蒙	蒙	矇	蒙	他們錯
箴言	10	11	蒙	蒙	矇	蒙	他們錯
箴言	11	19	恒	恒	恆	恆	我們錯
箴言	11	23	干	干	幹	干	他們錯
箴言	11	25	舍	舍	捨	捨	我們錯
箴言	15	3	鉴	鑒	鑑	鑒	他們錯
箴言	15	10	舍	舍	捨	捨	我們錯
箴言	16	3	托	托	託	託	我們錯
箴言	16	33	签	簽	籤	籤	我們錯
箴言	17	1	干	乾	幹	乾	他們錯
箴言	17	3	炼	煉	鍊	煉	他們錯
箴言	18	18	签	簽	籤	籤	我們錯
箴言	19	15	饥	饑	飢	飢	我們錯
箴言	19	23	恒	恒	恆	恆	我們錯
箴言	20	10	斗	鬥	斗	斗	我們錯
箴言	20	27	鉴	鑒	鑑	鑒	他們錯
箴言	21	26	舍	舍	捨	捨	我們錯
箴言	22	11	上	上	的	上	他們錯
箴言	22	11	与	與	他	與	他們錯
箴言	22	11	为	為	上	為	他們錯
箴言	22	11	他	他	為	他	他們錯
箴言	22	11	必	必	與	必	他們錯
箴言	22	11	恩	恩	言	恩	他們錯
箴言	22	11	王	王	必	王	他們錯
箴言	22	11	的	的	恩	的	他們錯
箴言	23	31	咽	咽	嚥	咽	他們錯
箴言	23	34	杆	桿	杆	杆	我們錯
箴言	25	15	恒	恒	恆	恆	我們錯
箴言	25	20	碱	堿	鹼	鹼	我們錯
箴言	26	10	雇	雇	僱	雇	他們錯
箴言	26	17	干	干	幹	干	他們錯
箴言	27	7	饥	饑	飢	飢	我們錯
箴言	27	21	炼	煉	鍊	煉	他們錯
箴言	28	3	冲	沖	衝	沖	他們錯
箴言	28	12	志	誌	志	志	我們錯
箴言	28	17	背	背	揹	背	他們錯
箴言	30	16	并	並	併	並	他們錯
箴言	31	19	捻	撚	捻	撚	他們錯
箴言	31	21	朱	朱	硃	朱	他們錯
箴言	31	27	闲	閑	閒	閒	我們錯
箴言	31	30	艳	艷	豔	艷	他們錯
約伯記	2	4	舍	舍	捨	捨	我們錯
約伯記	3	17	困	困	睏	困	他們錯
約伯記	4	9	出	出	齣	出	他們錯
約伯記	5	2	痴	癡	痴	癡	他們錯
約伯記	5	5	饥	饑	飢	飢	我們錯
約伯記	5	8	托	托	託	託	我們錯
約伯記	5	10	于	於	于	於	他們錯
約伯記	7	1	雇	雇	僱	雇	他們錯
約伯記	7	2	雇	雇	僱	雇	他們錯
約伯記	7	18	鉴	鑒	鑑	鑒	他們錯
約伯記	7	19	咽	咽	嚥	咽	他們錯
約伯記	7	20	鉴	鑒	鑑	鑒	他們錯
約伯記	8	17	扎	紮	扎	扎	我們錯
約伯記	9	9	斗	鬥	斗	斗	我們錯
約伯記	9	24	蒙	蒙	矇	蒙	他們錯
約伯記	9	30	碱	堿	鹼	鹼	我們錯
約伯記	10	15	抬	擡	抬	抬	我們錯
約伯記	10	19	出	出	齣	出	他們錯
約伯記	13	25	秸	稭	秸	秸	我們錯
約伯記	14	6	雇	雇	僱	雇	他們錯
約伯記	16	7	困	困	睏	困	他們錯
約伯記	18	10	扣	扣	釦	扣	他們錯
約伯記	18	12	饥	饑	飢	飢	我們錯
約伯記	20	13	舍	舍	捨	捨	我們錯
約伯記	20	26	毁	毀	燬	毀	他們錯
約伯記	21	18	刮	刮	颳	颳	我們錯
約伯記	21	18	秸	稭	秸	秸	我們錯
約伯記	21	32	抬	擡	抬	抬	我們錯
約伯記	22	7	困	困	睏	困	他們錯
約伯記	22	7	饥	饑	飢	飢	我們錯
約伯記	22	11	蒙	蒙	矇	蒙	他們錯
約伯記	22	16	冲	沖	衝	沖	他們錯
約伯記	23	17	蒙	蒙	矇	蒙	他們錯
約伯記	24	5	糊	糊	餬	糊	他們錯
約伯記	24	10	抬	擡	抬	抬	我們錯
約伯記	24	10	饥	饑	飢	飢	我們錯
約伯記	24	15	奸	奸	姦	姦	我們錯
約伯記	24	15	蒙	蒙	矇	蒙	他們錯
約伯記	27	20	刮	刮	颳	颳	我們錯
約伯記	28	1	炼	煉	鍊	煉	他們錯
約伯記	28	2	镕	镕	鎔	鎔	我們錯
約伯記	28	24	鉴	鑒	鑑	鑒	他們錯
約伯記	29	25	吊	吊	弔	弔	我們錯
約伯記	30	3	饥	饑	飢	飢	我們錯
約伯記	34	21	注	註	注	注	我們錯
約伯記	34	23	鉴	鑒	鑑	鑒	他們錯
約伯記	37	11	布	布	佈	布	他們錯
約伯記	38	2	暗	暗	闇	暗	他們錯
約伯記	38	8	冲	沖	衝	衝	我們錯
約伯記	38	31	系	系	繫	繫	我們錯
約伯記	38	32	斗	鬥	斗	斗	我們錯
約伯記	39	1	岩	巖	岩	巖	他們錯
約伯記	39	12	谷	穀	谷	穀	他們錯
約伯記	39	28	岩	巖	岩	巖	他們錯
約伯記	40	13	蒙	蒙	矇	蒙	他們錯
約伯記	40	23	泛	泛	氾	泛	他們錯
約伯記	41	7	扎	紮	扎	扎	我們錯
約伯記	41	26	扎	紮	扎	扎	我們錯
約伯記	41	28	秸	稭	秸	秸	我們錯
約伯記	41	29	秸	稭	秸	秸	我們錯
約伯記	41	32	发	發	髮	髮	我們錯
約伯記	41	32	发	髮	發	發	我們錯
約書亞記	2	10	干	乾	幹	乾	他們錯
約書亞記	2	18	朱	朱	硃	朱	他們錯
約書亞記	2	21	朱	朱	硃	朱	他們錯
約書亞記	3	3	抬	擡	抬	抬	我們錯
約書亞記	3	6	抬	擡	抬	抬	我們錯
約書亞記	3	8	抬	擡	抬	抬	我們錯
約書亞記	3	13	抬	擡	抬	抬	我們錯
約書亞記	3	14	抬	擡	抬	抬	我們錯
約書亞記	3	17	抬	擡	抬	抬	我們錯
約書亞記	4	9	抬	擡	抬	抬	我們錯
約書亞記	4	10	抬	擡	抬	抬	我們錯
約書亞記	4	16	抬	擡	抬	抬	我們錯
約書亞記	4	18	抬	擡	抬	抬	我們錯
約書亞記	4	23	干	乾	幹	乾	他們錯
約書亞記	5	1	干	乾	幹	乾	他們錯
約書亞記	5	8	愈	愈	癒	癒	我們錯
約書亞記	5	11	谷	穀	谷	穀	他們錯
約書亞記	6	6	抬	擡	抬	抬	我們錯
約書亞記	6	12	抬	擡	抬	抬	我們錯
約書亞記	7	1	干	干	幹	干	他們錯
約書亞記	7	11	具	具	俱	具	他們錯
約書亞記	7	11	家	家	傢	家	他們錯
約書亞記	7	18	干	干	幹	干	他們錯
約書亞記	7	19	干	干	幹	干	他們錯
約書亞記	7	20	干	干	幹	干	他們錯
約書亞記	7	22	干	干	乾	干	他們錯
約書亞記	7	24	干	干	乾	干	他們錯
約書亞記	7	24	干	干	幹	干	他們錯
約書亞記	7	26	干	干	幹	干	他們錯
約書亞記	8	20	冲	沖	衝	沖	他們錯
約書亞記	8	33	抬	擡	抬	抬	我們錯
約書亞記	9	12	干	乾	幹	乾	他們錯
約書亞記	10	3	仑	崙	侖	崙	他們錯
約書亞記	10	3	咸	咸	鹹	咸	他們錯
約書亞記	10	5	仑	崙	侖	崙	他們錯
約書亞記	10	10	仑	崙	侖	崙	他們錯
約書亞記	10	11	仑	崙	侖	崙	他們錯
約書亞記	10	12	仑	崙	侖	崙	他們錯
約書亞記	10	23	仑	崙	侖	崙	他們錯
約書亞記	10	36	仑	崙	侖	崙	他們錯
約書亞記	10	37	仑	崙	侖	崙	他們錯
約書亞記	10	39	仑	崙	侖	崙	他們錯
約書亞記	11	1	仑	崙	侖	崙	他們錯
約書亞記	11	21	仑	崙	侖	崙	他們錯
約書亞記	12	10	仑	崙	侖	崙	他們錯
約書亞記	12	20	仑	崙	侖	崙	他們錯
約書亞記	14	13	仑	崙	侖	崙	他們錯
約書亞記	14	14	仑	崙	侖	崙	他們錯
約書亞記	14	15	仑	崙	侖	崙	他們錯
約書亞記	15	9	仑	崙	侖	崙	他們錯
約書亞記	15	10	仑	崙	侖	崙	他們錯
約書亞記	15	11	仑	崙	侖	崙	他們錯
約書亞記	15	13	仑	崙	侖	崙	他們錯
約書亞記	15	34	干	干	幹	干	他們錯
約書亞記	15	54	仑	崙	侖	崙	他們錯
約書亞記	16	3	仑	崙	侖	崙	他們錯
約書亞記	16	5	仑	崙	侖	崙	他們錯
約書亞記	18	6	了	了	瞭	了	他們錯
約書亞記	18	13	仑	崙	侖	崙	他們錯
約書亞記	18	14	仑	崙	侖	崙	他們錯
約書亞記	19	15	仑	崙	侖	崙	他們錯
約書亞記	19	15	恒	恒	恆	恆	我們錯
約書亞記	19	21	干	干	幹	干	他們錯
約書亞記	19	28	仑	崙	侖	崙	他們錯
約書亞記	19	42	仑	崙	侖	崙	他們錯
約書亞記	20	7	仑	崙	侖	崙	他們錯
約書亞記	21	11	仑	崙	侖	崙	他們錯
約書亞記	21	13	仑	崙	侖	崙	他們錯
約書亞記	21	15	仑	崙	侖	崙	他們錯
約書亞記	21	22	仑	崙	侖	崙	他們錯
約書亞記	21	24	仑	崙	侖	崙	他們錯
約書亞記	21	29	干	干	幹	干	他們錯
約書亞記	22	5	尽	盡	儘	盡	他們錯
約書亞記	22	20	干	干	幹	干	他們錯
約書亞記	24	17	迹	跡	蹟	蹟	我們錯
詩篇	3	3	抬	擡	抬	抬	我們錯
詩篇	4	1	弦	弦	絃	弦	他們錯
詩篇	6	1	弦	弦	絃	弦	他們錯
詩篇	6	6	困	困	睏	困	他們錯
詩篇	10	14	托	托	託	託	我們錯
詩篇	11	6	布	布	佈	布	他們錯
詩篇	15	3	里	裏	里	里	我們錯
詩篇	17	3	志	誌	志	志	我們錯
詩篇	17	3	鉴	鑒	鑑	鑒	他們錯
詩篇	18	2	岩	巖	岩	巖	他們錯
詩篇	18	15	出	出	齣	出	他們錯
詩篇	18	29	冲	沖	衝	衝	我們錯
詩篇	19	7	苏	蘇	甦	甦	我們錯
詩篇	22	8	托	托	託	託	我們錯
詩篇	22	14	镕	镕	鎔	鎔	我們錯
詩篇	23	3	苏	蘇	甦	甦	我們錯
詩篇	24	7	抬	擡	抬	抬	我們錯
詩篇	24	9	抬	擡	抬	抬	我們錯
詩篇	29	10	泛	泛	氾	泛	他們錯
詩篇	31	3	岩	巖	岩	巖	他們錯
詩篇	34	8	尝	嘗	嚐	嘗	他們錯
詩篇	37	5	托	托	託	託	我們錯
詩篇	37	21	舍	舍	捨	捨	我們錯
詩篇	37	34	抬	擡	抬	抬	我們錯
詩篇	44	21	鉴	鑒	鑑	鑒	他們錯
詩篇	45	8	弦	弦	絃	弦	他們錯
詩篇	46	6	镕	镕	鎔	鎔	我們錯
詩篇	48	12	周	周	週	周	他們錯
詩篇	50	12	饥	饑	飢	飢	我們錯
詩篇	50	18	奸	奸	姦	姦	我們錯
詩篇	54	1	弦	弦	絃	弦	他們錯
詩篇	55	1	弦	弦	絃	弦	他們錯
詩篇	55	10	奸	奸	姦	奸	他們錯
詩篇	58	3	出	出	齣	出	他們錯
詩篇	58	9	刮	刮	颳	颳	我們錯
詩篇	59	4	鉴	鑒	鑑	鑒	他們錯
詩篇	61	1	弦	弦	絃	弦	他們錯
詩篇	65	7	哗	嘩	譁	嘩	他們錯
詩篇	65	8	迹	跡	蹟	蹟	我們錯
詩篇	65	13	谷	穀	谷	谷	我們錯
詩篇	65	13	谷	谷	穀	穀	我們錯
詩篇	66	7	鉴	鑒	鑑	鑒	他們錯
詩篇	66	18	注	註	注	注	我們錯
詩篇	67	1	弦	弦	絃	弦	他們錯
詩篇	68	2	镕	镕	鎔	鎔	我們錯
詩篇	68	19	背	背	揹	背	他們錯
詩篇	68	21	发	髮	發	髮	他們錯
詩篇	69	3	困	困	睏	困	他們錯
詩篇	69	16	回	回	迴	回	他們錯
詩篇	69	32	苏	蘇	甦	甦	我們錯
詩篇	71	3	岩	巖	岩	巖	他們錯
詩篇	71	18	发	髮	發	髮	他們錯
詩篇	73	16	系	系	係	係	我們錯
詩篇	74	8	毁	毀	燬	毀	他們錯
詩篇	74	15	干	乾	幹	乾	他們錯
詩篇	74	23	哗	嘩	譁	嘩	他們錯
詩篇	76	1	弦	弦	絃	弦	他們錯
詩篇	77	12	念	念	唸	念	他們錯
詩篇	78	43	迹	跡	蹟	蹟	我們錯
詩篇	80	3	回	回	迴	回	他們錯
詩篇	80	7	回	回	迴	回	他們錯
詩篇	80	14	回	回	迴	回	他們錯
詩篇	80	19	回	回	迴	回	他們錯
詩篇	83	2	抬	擡	抬	抬	我們錯
詩篇	83	13	秸	稭	秸	秸	我們錯
詩篇	85	4	回	回	迴	回	他們錯
詩篇	89	36	恒	恒	恆	恆	我們錯
詩篇	89	43	卷	卷	捲	捲	我們錯
詩篇	90	5	冲	沖	衝	沖	他們錯
詩篇	91	12	托	托	託	托	他們錯
詩篇	97	11	布	布	佈	布	他們錯
詩篇	102	6	鸮	鸮	鴞	鴞	我們錯
詩篇	104	3	梁	梁	樑	梁	他們錯
詩篇	104	18	岩	巖	岩	巖	他們錯
詩篇	104	22	出	出	齣	出	他們錯
詩篇	104	26	游	遊	游	游	我們錯
詩篇	104	34	念	念	唸	念	他們錯
詩篇	105	13	游	遊	游	遊	他們錯
詩篇	105	27	迹	跡	蹟	蹟	我們錯
詩篇	105	31	虱	虱	蝨	虱	他們錯
詩篇	106	9	干	乾	幹	乾	他們錯
詩篇	106	18	毁	毀	燬	毀	他們錯
詩篇	107	5	饥	饑	飢	飢	我們錯
詩篇	107	9	饥	饑	飢	飢	我們錯
詩篇	107	34	碱	堿	鹼	鹼	我們錯
詩篇	107	36	饥	饑	飢	飢	我們錯
詩篇	110	7	抬	擡	抬	抬	我們錯
詩篇	112	9	舍	舍	捨	捨	我們錯
詩篇	113	7	抬	擡	抬	抬	我們錯
詩篇	135	9	迹	跡	蹟	蹟	我們錯
詩篇	139	1	鉴	鑒	鑑	鑒	他們錯
詩篇	139	23	鉴	鑒	鑑	鑒	他們錯
詩篇	143	4	凄	淒	悽	悽	我們錯
詩篇	143	5	念	念	唸	念	他們錯
詩篇	143	6	干	乾	干	乾	他們錯
詩篇	145	5	念	念	唸	念	他們錯
詩篇	146	7	饥	饑	飢	飢	我們錯
詩篇	147	18	出	出	齣	出	他們錯
詩篇	147	18	刮	刮	颳	颳	我們錯
詩篇	150	4	弦	弦	絃	弦	他們錯
路得記	1	1	恒	恒	恆	恆	我們錯
路得記	1	2	恒	恒	恆	恆	我們錯
路得記	1	8	娘	娘	孃	娘	他們錯
路得記	1	14	舍	舍	捨	捨	我們錯
路得記	1	19	恒	恒	恆	恆	我們錯
路得記	1	22	恒	恒	恆	恆	我們錯
路得記	2	4	恒	恒	恆	恆	我們錯
路得記	4	11	恒	恒	恆	恆	我們錯
雅歌	1	17	梁	梁	樑	樑	我們錯
雅歌	2	15	狸	貍	狸	狸	我們錯
雅歌	4	1	发	發	髮	髮	我們錯
雅歌	4	3	朱	朱	硃	朱	他們錯
雅歌	4	9	链	鏈	鍊	鍊	我們錯
雅歌	5	1	采	采	採	採	我們錯
雅歌	5	2	发	發	髮	髮	我們錯
雅歌	6	2	采	采	採	採	我們錯
雅歌	7	5	发	髮	發	髮	他們錯
雅歌	7	5	系	系	繫	繫	我們錯
雅歌	7	9	咽	咽	嚥	咽	他們錯
以賽亞書	1	7	毁	毀	燬	毀	他們錯
以賽亞書	1	18	朱	朱	硃	硃	我們錯
以賽亞書	1	31	毁	毀	燬	毀	他們錯
以賽亞書	2	21	岩	巖	岩	巖	他們錯
以賽亞書	3	16	珰	珰	璫	璫	我們錯
以賽亞書	3	24	系	系	繫	繫	我們錯
以賽亞書	5	10	谷	穀	谷	穀	他們錯
以賽亞書	5	13	饥	饑	飢	飢	我們錯
以賽亞書	5	24	秸	稭	秸	秸	我們錯
以賽亞書	6	10	回	回	迴	回	他們錯
以賽亞書	6	11	闲	閑	閒	閒	我們錯
以賽亞書	8	7	冲	沖	衝	沖	他們錯
以賽亞書	8	8	冲	沖	衝	沖	他們錯
以賽亞書	8	8	泛	泛	氾	氾	我們錯
以賽亞書	8	16	卷	卷	捲	捲	我們錯
以賽亞書	8	18	迹	跡	蹟	蹟	我們錯
以賽亞書	8	21	饥	饑	飢	飢	我們錯
以賽亞書	9	4	折	折	摺	折	他們錯
以賽亞書	9	20	饥	饑	飢	飢	我們錯
以賽亞書	10	28	仑	崙	侖	崙	他們錯
以賽亞書	13	10	出	出	齣	出	他們錯
以賽亞書	13	17	注	註	注	注	我們錯
以賽亞書	14	22	并	並	併	併	我們錯
以賽亞書	16	14	雇	雇	僱	雇	他們錯
以賽亞書	19	3	念	念	唸	念	他們錯
以賽亞書	20	3	迹	跡	蹟	蹟	我們錯
以賽亞書	21	2	凄	淒	悽	悽	我們錯
以賽亞書	21	10	谷	穀	谷	穀	他們錯
以賽亞書	21	16	雇	雇	僱	雇	他們錯
以賽亞書	22	2	哗	嘩	譁	嘩	他們錯
以賽亞書	22	21	系	系	繫	繫	我們錯
以賽亞書	25	4	困	困	睏	困	他們錯
以賽亞書	25	5	哗	嘩	譁	嘩	他們錯
以賽亞書	25	11	并	並	併	併	我們錯
以賽亞書	26	5	并	並	併	併	我們錯
以賽亞書	26	10	注	註	注	注	我們錯
以賽亞書	27	11	蒙	蒙	矇	蒙	他們錯
以賽亞書	28	4	注	註	注	注	我們錯
以賽亞書	28	17	冲	沖	衝	沖	他們錯
以賽亞書	29	6	并	並	併	並	他們錯
以賽亞書	29	8	饥	饑	飢	飢	我們錯
以賽亞書	29	18	蒙	蒙	濛	矇	都不是
以賽亞書	30	17	杆	桿	杆	杆	我們錯
以賽亞書	30	25	涌	湧	涌	湧	他們錯
以賽亞書	30	30	并	並	併	並	他們錯
以賽亞書	31	4	哗	嘩	譁	嘩	他們錯
以賽亞書	32	6	饥	饑	飢	飢	我們錯
以賽亞書	33	9	凋	雕	凋	凋	我們錯
以賽亞書	33	11	秸	稭	秸	秸	我們錯
以賽亞書	33	23	杆	桿	杆	杆	我們錯
以賽亞書	34	4	卷	卷	捲	捲	我們錯
以賽亞書	35	6	涌	湧	涌	湧	他們錯
以賽亞書	36	17	谷	穀	殼	穀	他們錯
以賽亞書	37	25	干	乾	幹	乾	他們錯
以賽亞書	38	9	愈	愈	癒	癒	我們錯
以賽亞書	38	12	卷	卷	捲	捲	我們錯
以賽亞書	38	14	困	困	睏	困	他們錯
以賽亞書	38	16	愈	愈	癒	癒	我們錯
以賽亞書	38	20	弦	弦	絃	弦	他們錯
以賽亞書	38	21	愈	愈	癒	癒	我們錯
以賽亞書	39	1	愈	愈	癒	癒	我們錯
以賽亞書	40	7	凋	雕	凋	凋	我們錯
以賽亞書	40	8	凋	雕	凋	凋	我們錯
以賽亞書	40	12	斗	鬥	斗	斗	我們錯
以賽亞書	40	24	秸	稭	秸	秸	我們錯
以賽亞書	40	28	困	困	睏	困	他們錯
以賽亞書	40	30	困	困	睏	困	他們錯
以賽亞書	40	31	困	困	睏	困	他們錯
以賽亞書	41	2	秸	稭	秸	秸	我們錯
以賽亞書	42	5	并	並	併	併	我們錯
以賽亞書	43	27	背	背	揹	背	他們錯
以賽亞書	44	2	仑	崙	侖	崙	他們錯
以賽亞書	44	12	饥	饑	飢	飢	我們錯
以賽亞書	44	27	干	乾	幹	乾	他們錯
以賽亞書	45	20	抬	擡	抬	抬	我們錯
以賽亞書	46	1	抬	擡	抬	抬	我們錯
以賽亞書	46	4	发	髮	發	髮	他們錯
以賽亞書	46	6	雇	雇	僱	雇	他們錯
以賽亞書	46	7	抬	擡	抬	抬	我們錯
以賽亞書	47	2	面	麵	面	麵	他們錯
以賽亞書	47	14	并	並	併	並	他們錯
以賽亞書	47	14	秸	稭	秸	秸	我們錯
以賽亞書	49	10	饥	饑	飢	飢	我們錯
以賽亞書	50	2	干	乾	幹	乾	他們錯
以賽亞書	52	11	抬	擡	抬	抬	我們錯
以賽亞書	53	4	背	背	揹	背	他們錯
以賽亞書	56	8	并	並	併	併	我們錯
以賽亞書	57	3	奸	奸	姦	姦	我們錯
以賽亞書	57	5	欲	欲	慾	慾	我們錯
以賽亞書	57	15	苏	蘇	甦	甦	我們錯
以賽亞書	58	7	饥	饑	飢	飢	我們錯
以賽亞書	58	9	并	並	併	並	他們錯
以賽亞書	58	10	饥	饑	飢	飢	我們錯
以賽亞書	59	19	冲	沖	衝	沖	他們錯
以賽亞書	65	13	饥	饑	飢	飢	我們錯
以賽亞書	66	6	哗	嘩	譁	嘩	他們錯
以賽亞書	66	19	迹	跡	蹟	蹟	我們錯
以賽亞書	66	24	背	背	揹	背	他們錯
耶利米書	2	8	背	背	揹	背	他們錯
耶利米書	2	22	碱	堿	鹼	鹼	我們錯
耶利米書	3	17	恶	惡	噁	惡	他們錯
耶利米書	4	30	朱	朱	硃	朱	他們錯
耶利米書	4	30	致	致	緻	緻	我們錯
耶利米書	5	7	奸	奸	姦	姦	我們錯
耶利米書	6	3	占	占	佔	佔	我們錯
耶利米書	6	29	毁	毀	燬	毀	他們錯
耶利米書	7	9	奸	奸	姦	姦	我們錯
耶利米書	7	14	为	為	我	為	他們錯
耶利米書	7	14	我	我	為	我	他們錯
耶利米書	7	18	后	後	后	后	我們錯
耶利米書	7	18	面	麵	面	麵	他們錯
耶利米書	7	24	恶	惡	噁	惡	他們錯
耶利米書	8	5	恒	恒	恆	恆	我們錯
耶利米書	8	15	愈	愈	癒	癒	我們錯
耶利米書	8	22	愈	愈	癒	癒	我們錯
耶利米書	9	2	奸	奸	姦	姦	我們錯
耶利米書	10	5	抬	擡	抬	抬	我們錯
耶利米書	11	8	恶	惡	噁	惡	他們錯
耶利米書	11	20	了	了	瞭	了	他們錯
耶利米書	12	14	占	占	佔	佔	我們錯
耶利米書	12	14	受	受	巡	受	他們錯
耶利米書	13	24	秸	稭	秸	秸	我們錯
耶利米書	13	27	奸	奸	姦	姦	我們錯
耶利米書	14	14	托	托	託	託	我們錯
耶利米書	14	15	托	托	託	託	我們錯
耶利米書	14	19	愈	愈	癒	癒	我們錯
耶利米書	15	18	愈	愈	癒	癒	我們錯
耶利米書	16	12	恶	惡	噁	惡	他們錯
耶利米書	17	1	钻	鉆	鑽	鑽	我們錯
耶利米書	17	6	碱	堿	鹼	鹼	我們錯
耶利米書	17	8	扎	紮	扎	扎	我們錯
耶利米書	17	10	鉴	鑒	鑑	鑒	他們錯
耶利米書	17	14	愈	愈	癒	癒	我們錯
耶利米書	17	27	毁	毀	燬	毀	他們錯
耶利米書	18	12	恶	惡	噁	惡	他們錯
耶利米書	18	14	干	乾	幹	乾	他們錯
耶利米書	20	12	了	了	瞭	了	他們錯
耶利米書	23	14	奸	奸	姦	姦	我們錯
耶利米書	23	25	托	托	託	託	我們錯
耶利米書	25	32	刮	刮	颳	颳	我們錯
耶利米書	26	9	托	托	託	託	我們錯
耶利米書	27	15	托	托	託	託	我們錯
耶利米書	28	2	折	折	摺	折	他們錯
耶利米書	29	9	托	托	託	託	我們錯
耶利米書	29	21	托	托	託	託	我們錯
耶利米書	29	23	托	托	託	託	我們錯
耶利米書	30	17	愈	愈	癒	癒	我們錯
耶利米書	31	18	回	回	迴	回	他們錯
耶利米書	31	21	回	回	迴	回	他們錯
耶利米書	32	19	注	註	注	注	我們錯
耶利米書	32	20	迹	跡	蹟	蹟	我們錯
耶利米書	32	21	迹	跡	蹟	蹟	我們錯
耶利米書	33	6	愈	愈	癒	癒	我們錯
耶利米書	33	8	背	背	揹	背	他們錯
耶利米書	33	22	斗	鬥	斗	斗	我們錯
耶利米書	34	15	回	回	迴	回	他們錯
耶利米書	36	15	念	念	唸	念	他們錯
耶利米書	36	23	念	念	唸	念	他們錯
耶利米書	36	32	卷	卷	捲	卷	他們錯
耶利米書	38	9	饥	饑	飢	飢	我們錯
耶利米書	38	23	后	後	后	后	我們錯
耶利米書	40	10	占	占	佔	佔	我們錯
耶利米書	41	17	恒	恒	恆	恆	我們錯
耶利米書	42	14	饥	饑	飢	飢	我們錯
耶利米書	44	9	后	後	后	后	我們錯
耶利米書	44	19	后	後	后	后	我們錯
耶利米書	45	3	困	困	睏	困	他們錯
耶利米書	46	15	冲	沖	衝	沖	他們錯
耶利米書	46	19	毁	毀	燬	毀	他們錯
耶利米書	46	21	雇	雇	僱	雇	他們錯
耶利米書	47	4	托	托	託	託	我們錯
耶利米書	48	12	坛	壇	罈	罈	我們錯
耶利米書	48	41	占	占	佔	佔	我們錯
耶利米書	50	11	谷	穀	谷	穀	他們錯
耶利米書	51	1	刮	刮	颳	颳	我們錯
耶利米書	51	7	杯	杯	盃	杯	他們錯
耶利米書	51	12	了	了	瞭	瞭	我們錯
耶利米書	51	25	岩	巖	岩	巖	他們錯
耶利米書	51	25	毁	毀	燬	毀	他們錯
耶利米書	51	32	占	占	佔	佔	我們錯
耶利米書	51	41	占	占	佔	佔	我們錯
耶利米書	51	58	困	困	睏	困	他們錯
耶利米書	51	64	困	困	睏	困	他們錯
耶利米書	52	31	抬	擡	抬	抬	我們錯
耶利米哀歌	1	13	克	克	剋	剋	我們錯
耶利米哀歌	2	3	毁	毀	燬	毀	他們錯
耶利米哀歌	2	12	谷	穀	谷	穀	他們錯
耶利米哀歌	3	16	蒙	蒙	矇	蒙	他們錯
耶利米哀歌	3	58	了	了	瞭	了	他們錯
耶利米哀歌	4	5	朱	朱	硃	朱	他們錯
耶利米哀歌	4	11	毁	毀	燬	毀	他們錯
耶利米哀歌	5	10	饥	饑	飢	飢	我們錯
耶利米哀歌	5	21	回	回	迴	回	他們錯
以西結書	2	3	背	背	揹	背	他們錯
以西結書	3	9	钻	鉆	鑽	鑽	我們錯
以西結書	7	24	占	占	佔	佔	我們錯
以西結書	12	6	蒙	蒙	矇	蒙	他們錯
以西結書	12	12	蒙	蒙	矇	蒙	他們錯
以西結書	13	4	狸	貍	狸	狸	我們錯
以西結書	15	8	干	干	幹	干	他們錯
以西結書	16	11	链	鏈	鍊	鍊	我們錯
以西結書	16	13	面	麵	麪	麵	他們錯
以西結書	16	16	彩	彩	綵	彩	他們錯
以西結書	16	19	面	麵	麪	麵	他們錯
以西結書	16	26	欲	欲	慾	慾	我們錯
以西結書	18	7	饥	饑	飢	飢	我們錯
以西結書	18	16	饥	饑	飢	飢	我們錯
以西結書	19	12	毁	毀	燬	毀	他們錯
以西結書	20	13	干	干	幹	干	他們錯
以西結書	21	3	并	並	併	併	我們錯
以西結書	21	21	签	簽	籤	籤	我們錯
以西結書	21	22	签	簽	籤	籤	我們錯
以西結書	22	20	镕	镕	鎔	鎔	我們錯
以西結書	22	21	镕	镕	鎔	鎔	我們錯
以西結書	22	22	镕	镕	鎔	鎔	我們錯
以西結書	23	8	欲	欲	慾	慾	我們錯
以西結書	23	15	系	系	繫	繫	我們錯
以西結書	23	44	苟	茍	苟	茍	他們錯
以西結書	23	44	苟	茍	苟	苟	我們錯
以西結書	24	6	锈	銹	鏽	鏽	我們錯
以西結書	24	11	锈	銹	鏽	鏽	我們錯
以西結書	24	11	镕	镕	鎔	鎔	我們錯
以西結書	24	12	锈	銹	鏽	鏽	我們錯
以西結書	24	17	吊	吊	弔	弔	我們錯
以西結書	24	19	系	系	係	係	我們錯
以西結書	24	22	吊	吊	弔	弔	我們錯
以西結書	27	5	杆	桿	杆	杆	我們錯
以西結書	27	23	干	干	幹	干	他們錯
以西結書	27	26	荡	蕩	盪	盪	我們錯
以西結書	31	15	凄	淒	悽	悽	我們錯
以西結書	32	2	冲	沖	衝	衝	我們錯
以西結書	32	6	游	遊	游	游	我們錯
以西結書	34	21	抵	抵	牴	牴	我們錯
以西結書	36	4	占	占	佔	佔	我們錯
以西結書	41	24	折	折	摺	摺	我們錯
以西結書	42	5	占	占	佔	佔	我們錯
以西結書	44	20	发	髮	發	髮	他們錯
以西結書	44	30	面	麵	面	麵	他們錯
以西結書	45	24	面	麵	麪	麵	他們錯
以西結書	46	5	面	麵	麪	麵	他們錯
以西結書	46	7	面	麵	麪	麵	他們錯
以西結書	46	11	面	麵	麪	麵	他們錯
以西結書	46	14	面	麵	麪	麵	他們錯
以西結書	47	16	干	干	幹	干	他們錯
但以理書	1	8	志	誌	志	志	我們錯
但以理書	1	14	准	準	准	准	我們錯
但以理書	2	23	准	準	准	准	我們錯
但以理書	2	40	克	克	剋	剋	我們錯
但以理書	2	48	抬	擡	抬	抬	我們錯
但以理書	3	22	抬	擡	抬	抬	我們錯
但以理書	3	28	舍	舍	捨	捨	我們錯
但以理書	4	2	迹	跡	蹟	蹟	我們錯
但以理書	4	3	迹	跡	蹟	蹟	我們錯
但以理書	5	2	后	後	后	后	我們錯
但以理書	5	3	后	後	后	后	我們錯
但以理書	5	7	链	鏈	鍊	鍊	我們錯
但以理書	5	16	链	鏈	鍊	鍊	我們錯
但以理書	5	23	后	後	后	后	我們錯
但以理書	5	29	链	鏈	鍊	鍊	我們錯
但以理書	6	23	系	系	繫	繫	我們錯
但以理書	6	27	迹	跡	蹟	蹟	我們錯
但以理書	8	4	抵	抵	牴	牴	我們錯
但以理書	8	7	抵	抵	牴	牴	我們錯
但以理書	9	26	冲	沖	衝	沖	他們錯
但以理書	10	4	里	裏	里	里	我們錯
但以理書	11	10	泛	泛	氾	氾	我們錯
但以理書	11	20	征	征	徵	征	他們錯
但以理書	11	22	冲	沖	衝	沖	他們錯
但以理書	11	26	冲	沖	衝	沖	他們錯
但以理書	11	40	泛	泛	氾	氾	我們錯
何西阿書	2	3	干	乾	干	乾	他們錯
何西阿書	4	2	奸	奸	姦	姦	我們錯
何西阿書	4	11	奸	奸	姦	姦	我們錯
何西阿書	6	2	苏	蘇	甦	甦	我們錯
何西阿書	7	4	面	麵	麪	麵	他們錯
何西阿書	7	13	背	背	揹	背	他們錯
何西阿書	9	14	干	乾	幹	乾	他們錯
何西阿書	10	11	谷	穀	谷	穀	他們錯
何西阿書	11	4	松	松	鬆	鬆	我們錯
何西阿書	11	8	舍	舍	捨	捨	我們錯
何西阿書	13	15	干	乾	幹	乾	他們錯
何西阿書	14	5	扎	紮	扎	扎	我們錯
約珥書	1	10	干	乾	幹	乾	他們錯
約珥書	1	17	谷	穀	谷	穀	他們錯
約珥書	2	5	秸	稭	秸	秸	我們錯
阿摩司書	5	26	抬	擡	抬	抬	我們錯
阿摩司書	6	5	闲	閑	閒	閑	他們錯
阿摩司書	7	12	糊	糊	餬	糊	他們錯
阿摩司書	8	5	斗	鬥	斗	斗	我們錯
阿摩司書	8	11	饥	饑	飢	飢	我們錯
阿摩司書	9	7	托	托	託	託	我們錯
阿摩司書	9	9	谷	穀	谷	穀	他們錯
俄巴底亞書	1	5	到	到	來	到	他們錯
俄巴底亞書	1	5	来	來	到	來	他們錯
俄巴底亞書	1	18	秸	稭	秸	秸	我們錯
約拿書	1	7	签	簽	籤	籤	我們錯
約拿書	1	12	抬	擡	抬	抬	我們錯
約拿書	1	15	抬	擡	抬	抬	我們錯
彌迦書	1	4	冲	沖	衝	沖	他們錯
彌迦書	1	7	雇	雇	僱	雇	他們錯
彌迦書	2	2	占	占	佔	佔	我們錯
彌迦書	2	12	哗	嘩	譁	嘩	他們錯
彌迦書	3	11	雇	雇	僱	雇	他們錯
彌迦書	5	2	恒	恒	恆	恆	我們錯
那鴻書	1	10	秸	稭	秸	秸	我們錯
那鴻書	2	3	朱	朱	硃	朱	他們錯
那鴻書	2	6	冲	沖	衝	沖	他們錯
那鴻書	3	17	出	出	齣	出	他們錯
哈巴谷書	1	6	占	占	佔	佔	我們錯
哈巴谷書	2	11	梁	梁	樑	樑	我們錯
哈巴谷書	3	5	症	癥	症	症	我們錯
哈巴谷書	3	10	泛	泛	氾	氾	我們錯
哈巴谷書	3	19	弦	弦	絃	弦	他們錯
西番雅書	2	13	干	乾	幹	乾	他們錯
哈該書	2	16	谷	穀	谷	穀	他們錯
哈該書	2	19	谷	穀	谷	穀	他們錯
撒迦利亞書	1	21	抬	擡	抬	抬	我們錯
撒迦利亞書	5	3	卷	卷	捲	卷	他們錯
撒迦利亞書	5	9	抬	擡	抬	抬	我們錯
撒迦利亞書	5	10	抬	擡	抬	抬	我們錯
撒迦利亞書	8	4	拐	拐	枴	柺	都不是
撒迦利亞書	8	10	雇	雇	僱	雇	他們錯
撒迦利亞書	12	10	扎	紮	扎	扎	我們錯
撒迦利亞書	13	3	托	托	託	託	我們錯
瑪拉基書	3	2	炼	煉	鍊	煉	他們錯
瑪拉基書	3	2	碱	堿	鹼	鹼	我們錯
瑪拉基書	4	1	秸	稭	秸	秸	我們錯
馬太福音	2	1	恒	恒	恆	恆	我們錯
馬太福音	2	5	恒	恒	恆	恆	我們錯
馬太福音	2	6	恒	恒	恆	恆	我們錯
馬太福音	2	8	恒	恒	恆	恆	我們錯
馬太福音	2	16	恒	恒	恆	恆	我們錯
馬太福音	4	6	托	托	託	托	他們錯
馬太福音	4	23	症	癥	症	症	我們錯
馬太福音	5	6	饥	饑	飢	飢	我們錯
馬太福音	5	27	奸	奸	姦	姦	我們錯
馬太福音	5	41	里	裏	里	里	我們錯
馬太福音	6	2	舍	舍	捨	捨	我們錯
馬太福音	6	2	面	麵	面	面	我們錯
馬太福音	6	3	舍	舍	捨	捨	我們錯
馬太福音	6	4	舍	舍	捨	捨	我們錯
馬太福音	6	7	复	復	複	複	我們錯
馬太福音	6	19	锈	銹	鏽	銹	他們錯
馬太福音	6	20	锈	銹	鏽	銹	他們錯
馬太福音	7	25	冲	沖	衝	沖	他們錯
馬太福音	7	27	冲	沖	衝	沖	他們錯
馬太福音	8	14	岳	嶽	岳	岳	我們錯
馬太福音	8	20	狸	貍	狸	狸	我們錯
馬太福音	9	2	抬	擡	抬	抬	我們錯
馬太福音	9	21	愈	愈	癒	癒	我們錯
馬太福音	9	22	愈	愈	癒	癒	我們錯
馬太福音	9	35	症	癥	症	症	我們錯
馬太福音	10	1	症	癥	症	症	我們錯
馬太福音	10	8	舍	舍	捨	捨	我們錯
馬太福音	10	10	拐	拐	枴	柺	都不是
馬太福音	10	38	背	背	揹	背	他們錯
馬太福音	12	3	饥	饑	飢	飢	我們錯
馬太福音	12	29	具	具	俱	具	他們錯
馬太福音	12	29	家	家	傢	家	他們錯
馬太福音	12	36	闲	閑	閒	閒	我們錯
馬太福音	12	38	迹	跡	蹟	蹟	我們錯
馬太福音	12	39	迹	跡	蹟	蹟	我們錯
馬太福音	12	44	闲	閑	閒	閒	我們錯
馬太福音	13	15	回	回	迴	回	他們錯
馬太福音	13	33	面	麵	面	麵	他們錯
馬太福音	15	19	奸	奸	姦	姦	我們錯
馬太福音	15	19	苟	茍	苟	苟	我們錯
馬太福音	15	31	愈	愈	癒	癒	我們錯
馬太福音	15	32	困	困	睏	困	他們錯
馬太福音	16	1	迹	跡	蹟	蹟	我們錯
馬太福音	16	3	迹	跡	蹟	蹟	我們錯
馬太福音	16	4	迹	跡	蹟	蹟	我們錯
馬太福音	16	24	舍	舍	捨	捨	我們錯
馬太福音	17	18	愈	愈	癒	癒	我們錯
馬太福音	17	25	征	征	徵	征	他們錯
馬太福音	18	3	回	回	迴	回	他們錯
馬太福音	19	18	奸	奸	姦	姦	我們錯
馬太福音	20	1	雇	雇	僱	雇	他們錯
馬太福音	20	3	闲	閑	閒	閒	我們錯
馬太福音	20	6	闲	閑	閒	閒	我們錯
馬太福音	20	7	雇	雇	僱	雇	他們錯
馬太福音	20	9	雇	雇	僱	雇	他們錯
馬太福音	20	10	雇	雇	僱	雇	他們錯
馬太福音	21	38	占	占	佔	佔	我們錯
馬太福音	22	7	毁	毀	燬	燬	我們錯
馬太福音	22	37	尽	盡	儘	盡	他們錯
馬太福音	24	24	迹	跡	蹟	蹟	我們錯
馬太福音	24	39	冲	沖	衝	沖	他們錯
馬太福音	26	43	困	困	睏	困	他們錯
馬太福音	27	28	朱	朱	硃	朱	他們錯
馬太福音	27	32	背	背	揹	背	他們錯
馬太福音	27	34	尝	嘗	嚐	嘗	他們錯
馬可福音	1	20	雇	雇	僱	雇	他們錯
馬可福音	1	29	出	出	齣	出	他們錯
馬可福音	1	30	岳	嶽	岳	岳	我們錯
馬可福音	2	3	抬	擡	抬	抬	我們錯
馬可福音	2	25	饥	饑	飢	飢	我們錯
馬可福音	3	27	具	具	俱	具	他們錯
馬可福音	3	27	家	家	傢	家	他們錯
馬可福音	4	12	回	回	迴	回	他們錯
馬可福音	4	19	欲	欲	慾	慾	我們錯
馬可福音	4	29	谷	穀	谷	穀	他們錯
馬可福音	5	23	愈	愈	癒	癒	我們錯
馬可福音	5	28	愈	愈	癒	癒	我們錯
馬可福音	5	29	干	乾	幹	乾	他們錯
馬可福音	5	34	愈	愈	癒	癒	我們錯
馬可福音	6	8	拐	拐	枴	柺	都不是
馬可福音	6	55	抬	擡	抬	抬	我們錯
馬可福音	7	21	苟	茍	苟	苟	我們錯
馬可福音	7	22	奸	奸	姦	姦	我們錯
馬可福音	8	3	困	困	睏	困	他們錯
馬可福音	8	11	迹	跡	蹟	蹟	我們錯
馬可福音	8	12	迹	跡	蹟	蹟	我們錯
馬可福音	8	24	抬	擡	抬	抬	我們錯
馬可福音	8	34	舍	舍	捨	捨	我們錯
馬可福音	9	49	腌	腌	醃	醃	我們錯
馬可福音	10	19	奸	奸	姦	姦	我們錯
馬可福音	13	22	迹	跡	蹟	蹟	我們錯
馬可福音	14	40	困	困	睏	困	他們錯
馬可福音	15	21	背	背	揹	背	他們錯
馬可福音	16	4	抬	擡	抬	抬	我們錯
馬可福音	16	17	迹	跡	蹟	蹟	我們錯
馬可福音	16	20	迹	跡	蹟	蹟	我們錯
路加福音	1	9	签	簽	籤	籤	我們錯
路加福音	1	16	回	回	迴	回	他們錯
路加福音	1	53	饥	饑	飢	飢	我們錯
路加福音	1	58	里	裏	里	里	我們錯
路加福音	2	2	里	裏	里	里	我們錯
路加福音	2	4	恒	恒	恆	恆	我們錯
路加福音	2	8	恒	恒	恆	恆	我們錯
路加福音	2	15	升	升	昇	升	他們錯
路加福音	2	15	恒	恒	恆	恆	我們錯
路加福音	4	11	托	托	託	托	他們錯
路加福音	4	20	卷	卷	捲	捲	我們錯
路加福音	4	38	岳	嶽	岳	岳	我們錯
路加福音	5	18	抬	擡	抬	抬	我們錯
路加福音	5	19	抬	擡	抬	抬	我們錯
路加福音	6	3	饥	饑	飢	飢	我們錯
路加福音	6	21	饥	饑	飢	飢	我們錯
路加福音	6	25	饥	饑	飢	飢	我們錯
路加福音	6	38	斗	鬥	斗	斗	我們錯
路加福音	6	48	冲	沖	衝	沖	他們錯
路加福音	6	49	冲	沖	衝	沖	他們錯
路加福音	7	3	托	托	託	託	我們錯
路加福音	7	10	托	托	託	託	我們錯
路加福音	7	12	抬	擡	抬	抬	我們錯
路加福音	7	14	抬	擡	抬	抬	我們錯
路加福音	7	14	杠	杠	槓	槓	我們錯
路加福音	9	3	拐	拐	枴	柺	都不是
路加福音	9	7	游	遊	游	游	我們錯
路加福音	9	23	舍	舍	捨	捨	我們錯
路加福音	9	58	狸	貍	狸	狸	我們錯
路加福音	11	16	迹	跡	蹟	蹟	我們錯
路加福音	11	29	迹	跡	蹟	蹟	我們錯
路加福音	11	30	迹	跡	蹟	蹟	我們錯
路加福音	11	41	舍	舍	捨	捨	我們錯
路加福音	11	42	芸	蕓	芸	芸	我們錯
路加福音	12	48	托	托	託	託	我們錯
路加福音	13	7	占	占	佔	佔	我們錯
路加福音	13	21	面	麵	面	麵	他們錯
路加福音	13	32	狸	貍	狸	狸	我們錯
路加福音	14	27	背	背	揹	背	他們錯
路加福音	15	16	饥	饑	飢	飢	我們錯
路加福音	15	17	雇	雇	僱	雇	他們錯
路加福音	15	19	雇	雇	僱	雇	他們錯
路加福音	16	11	托	托	託	託	我們錯
路加福音	16	21	饥	饑	飢	飢	我們錯
路加福音	17	4	回	回	迴	回	他們錯
路加福音	18	11	奸	奸	姦	姦	我們錯
路加福音	18	20	奸	奸	姦	姦	我們錯
路加福音	19	5	抬	擡	抬	抬	我們錯
路加福音	19	42	系	系	係	係	我們錯
路加福音	21	1	抬	擡	抬	抬	我們錯
路加福音	21	11	迹	跡	蹟	蹟	我們錯
路加福音	22	28	炼	煉	鍊	煉	他們錯
路加福音	22	37	系	系	係	係	我們錯
路加福音	23	8	迹	跡	蹟	蹟	我們錯
路加福音	23	26	背	背	揹	背	他們錯
路加福音	24	13	里	裏	里	里	我們錯
約翰福音	1	13	欲	欲	慾	慾	我們錯
約翰福音	2	9	尝	嘗	嚐	嘗	他們錯
約翰福音	2	11	迹	跡	蹟	蹟	我們錯
約翰福音	2	18	迹	跡	蹟	蹟	我們錯
約翰福音	2	23	迹	跡	蹟	蹟	我們錯
約翰福音	2	24	托	托	託	託	我們錯
約翰福音	3	2	迹	跡	蹟	蹟	我們錯
約翰福音	4	6	困	困	睏	困	他們錯
約翰福音	4	48	迹	跡	蹟	蹟	我們錯
約翰福音	4	54	迹	跡	蹟	蹟	我們錯
約翰福音	5	6	愈	愈	癒	癒	我們錯
約翰福音	5	9	愈	愈	癒	癒	我們錯
約翰福音	5	11	愈	愈	癒	癒	我們錯
約翰福音	5	14	愈	愈	癒	癒	我們錯
約翰福音	5	15	愈	愈	癒	癒	我們錯
約翰福音	6	2	迹	跡	蹟	蹟	我們錯
約翰福音	6	14	迹	跡	蹟	蹟	我們錯
約翰福音	6	19	里	裏	里	里	我們錯
約翰福音	6	26	迹	跡	蹟	蹟	我們錯
約翰福音	6	30	迹	跡	蹟	蹟	我們錯
約翰福音	7	17	志	誌	志	志	我們錯
約翰福音	7	31	迹	跡	蹟	蹟	我們錯
約翰福音	7	42	恒	恒	恆	恆	我們錯
約翰福音	8	44	欲	欲	慾	慾	我們錯
約翰福音	9	16	迹	跡	蹟	蹟	我們錯
約翰福音	10	12	雇	雇	僱	雇	他們錯
約翰福音	10	13	雇	雇	僱	雇	他們錯
約翰福音	10	17	舍	舍	捨	捨	我們錯
約翰福音	10	41	迹	跡	蹟	蹟	我們錯
約翰福音	11	18	里	裏	里	里	我們錯
約翰福音	11	47	迹	跡	蹟	蹟	我們錯
約翰福音	12	18	迹	跡	蹟	蹟	我們錯
約翰福音	12	37	迹	跡	蹟	蹟	我們錯
約翰福音	12	40	回	回	迴	回	他們錯
約翰福音	17	4	托	托	託	託	我們錯
約翰福音	19	17	背	背	揹	背	他們錯
約翰福音	19	30	尝	嘗	嚐	嘗	他們錯
約翰福音	19	34	扎	紮	扎	扎	我們錯
約翰福音	19	37	扎	紮	扎	扎	我們錯
約翰福音	19	38	准	準	准	准	我們錯
約翰福音	20	30	迹	跡	蹟	蹟	我們錯
使徒行傳	1	11	升	升	昇	升	他們錯
使徒行傳	1	14	恒	恒	恆	恆	我們錯
使徒行傳	1	26	签	簽	籤	籤	我們錯
使徒行傳	2	19	迹	跡	蹟	蹟	我們錯
使徒行傳	2	22	迹	跡	蹟	蹟	我們錯
使徒行傳	2	37	扎	紮	扎	扎	我們錯
使徒行傳	2	42	恒	恒	恆	恆	我們錯
使徒行傳	2	43	迹	跡	蹟	蹟	我們錯
使徒行傳	2	46	恒	恒	恆	恆	我們錯
使徒行傳	3	2	抬	擡	抬	抬	我們錯
使徒行傳	3	26	回	回	迴	回	他們錯
使徒行傳	4	9	愈	愈	癒	癒	我們錯
使徒行傳	4	10	愈	愈	癒	癒	我們錯
使徒行傳	4	16	迹	跡	蹟	蹟	我們錯
使徒行傳	4	22	迹	跡	蹟	蹟	我們錯
使徒行傳	4	25	托	托	託	託	我們錯
使徒行傳	4	29	迹	跡	蹟	蹟	我們錯
使徒行傳	4	29	鉴	鑒	鑑	鑒	他們錯
使徒行傳	5	6	抬	擡	抬	抬	我們錯
使徒行傳	5	9	抬	擡	抬	抬	我們錯
使徒行傳	5	10	抬	擡	抬	抬	我們錯
使徒行傳	5	12	迹	跡	蹟	蹟	我們錯
使徒行傳	5	15	抬	擡	抬	抬	我們錯
使徒行傳	6	8	迹	跡	蹟	蹟	我們錯
使徒行傳	7	36	迹	跡	蹟	蹟	我們錯
使徒行傳	7	43	抬	擡	抬	抬	我們錯
使徒行傳	8	6	迹	跡	蹟	蹟	我們錯
使徒行傳	8	13	迹	跡	蹟	蹟	我們錯
使徒行傳	8	27	干	干	幹	甘	都不是
使徒行傳	10	11	系	系	繫	繫	我們錯
使徒行傳	11	5	系	系	繫	繫	我們錯
使徒行傳	11	23	恒	恒	恆	恆	我們錯
使徒行傳	11	30	托	托	託	託	我們錯
使徒行傳	12	20	托	托	託	託	我們錯
使徒行傳	13	17	抬	擡	抬	抬	我們錯
使徒行傳	13	43	恒	恒	恆	恆	我們錯
使徒行傳	14	3	迹	跡	蹟	蹟	我們錯
使徒行傳	14	9	愈	愈	癒	癒	我們錯
使徒行傳	14	22	恒	恒	恆	恆	我們錯
使徒行傳	14	23	托	托	託	託	我們錯
使徒行傳	14	26	托	托	託	託	我們錯
使徒行傳	15	12	迹	跡	蹟	蹟	我們錯
使徒行傳	15	20	奸	奸	姦	姦	我們錯
使徒行傳	15	29	奸	奸	姦	姦	我們錯
使徒行傳	15	31	念	念	唸	念	他們錯
使徒行傳	17	1	里	裏	里	里	我們錯
使徒行傳	17	30	蒙	蒙	矇	蒙	他們錯
使徒行傳	19	13	念	念	唸	念	他們錯
使徒行傳	19	29	里	裏	里	里	我們錯
使徒行傳	20	4	里	裏	里	里	我們錯
使徒行傳	20	9	困	困	睏	困	他們錯
使徒行傳	20	32	托	托	託	託	我們錯
使徒行傳	21	25	奸	奸	姦	姦	我們錯
使徒行傳	21	35	抬	擡	抬	抬	我們錯
使徒行傳	26	16	你	你	我	你	他們錯
使徒行傳	26	16	向	向	你	向	他們錯
使徒行傳	26	16	意	意	向	意	他們錯
使徒行傳	26	16	我	我	特	我	他們錯
使徒行傳	26	16	特	特	意	特	他們錯
使徒行傳	27	1	御	禦	御	御	我們錯
使徒行傳	27	2	里	裏	里	里	我們錯
使徒行傳	27	15	刮	刮	颳	颳	我們錯
使徒行傳	27	33	挨	挨	捱		找不到
使徒行傳	27	43	准	準	准	准	我們錯
使徒行傳	28	27	回	回	迴	回	他們錯
羅馬書	1	24	欲	欲	慾	慾	我們錯
羅馬書	1	26	欲	欲	慾	慾	我們錯
羅馬書	2	7	恒	恒	恆	恆	我們錯
羅馬書	2	22	奸	奸	姦	姦	我們錯
羅馬書	3	2	托	托	託	託	我們錯
羅馬書	5	8	了	了	瞭	了	他們錯
羅馬書	6	12	欲	欲	慾	慾	我們錯
羅馬書	7	18	志	誌	志	志	我們錯
羅馬書	8	27	鉴	鑒	鑑	鑒	他們錯
羅馬書	8	35	饥	饑	飢	飢	我們錯
羅馬書	11	16	面	麵	面	麵	他們錯
羅馬書	11	18	托	托	託	托	他們錯
羅馬書	12	8	舍	舍	捨	捨	我們錯
羅馬書	12	12	恒	恒	恆	恆	我們錯
羅馬書	12	16	志	誌	志	志	我們錯
羅馬書	13	9	奸	奸	姦	姦	我們錯
羅馬書	13	12	暗	暗	闇	暗	他們錯
羅馬書	13	14	欲	欲	慾	慾	我們錯
羅馬書	15	18	迹	跡	蹟	蹟	我們錯
羅馬書	15	20	志	誌	志	志	我們錯
羅馬書	16	14	干	干	幹	干	他們錯
哥林多前書	1	22	迹	跡	蹟	蹟	我們錯
哥林多前書	2	10	了	了	瞭	了	他們錯
哥林多前書	3	2	喂	餵	喂	餵	他們錯
哥林多前書	3	12	秸	稭	秸	秸	我們錯
哥林多前書	4	11	挨	挨	捱	挨	他們錯
哥林多前書	4	11	饥	饑	飢	飢	我們錯
哥林多前書	5	6	面	麵	面	麵	他們錯
哥林多前書	5	7	面	麵	面	麵	他們錯
哥林多前書	6	9	奸	奸	姦	姦	我們錯
哥林多前書	7	9	欲	欲	慾	慾	我們錯
哥林多前書	9	9	谷	穀	谷	穀	他們錯
哥林多前書	9	17	托	托	託	託	我們錯
哥林多前書	10	6	鉴	鑒	鑑	鑑	我們錯
哥林多前書	10	8	奸	奸	姦	姦	我們錯
哥林多前書	10	11	鉴	鑒	鑑	鑑	我們錯
哥林多前書	10	28	并	並	併	並	他們錯
哥林多前書	11	21	饥	饑	飢	飢	我們錯
哥林多前書	11	34	饥	饑	飢	飢	我們錯
哥林多前書	13	4	恒	恒	恆	恆	我們錯
哥林多前書	15	37	谷	穀	谷	穀	他們錯
哥林多後書	1	17	欲	欲	慾	慾	我們錯
哥林多後書	4	2	暗	暗	闇	暗	他們錯
哥林多後書	4	3	蒙	蒙	矇	蒙	他們錯
哥林多後書	5	9	志	誌	志	志	我們錯
哥林多後書	5	19	托	托	託	託	我們錯
哥林多後書	6	6	恒	恒	恆	恆	我們錯
哥林多後書	7	2	占	占	佔	佔	我們錯
哥林多後書	8	19	托	托	託	託	我們錯
哥林多後書	9	9	舍	舍	捨	捨	我們錯
哥林多後書	9	11	舍	舍	捨	捨	我們錯
哥林多後書	11	27	饥	饑	飢	飢	我們錯
哥林多後書	12	12	迹	跡	蹟	蹟	我們錯
哥林多後書	12	17	占	占	佔	佔	我們錯
哥林多後書	12	18	占	占	佔	佔	我們錯
哥林多後書	12	21	奸	奸	姦	姦	我們錯
加拉太書	1	4	舍	舍	捨	捨	我們錯
加拉太書	2	7	托	托	託	託	我們錯
加拉太書	2	20	舍	舍	捨	捨	我們錯
加拉太書	5	9	面	麵	面	麵	他們錯
加拉太書	5	13	欲	欲	慾	慾	我們錯
加拉太書	5	16	欲	欲	慾	慾	我們錯
加拉太書	5	17	欲	欲	慾	慾	我們錯
加拉太書	5	19	奸	奸	姦	姦	我們錯
加拉太書	5	19	欲	欲	慾	慾	我們錯
加拉太書	5	24	欲	欲	慾	慾	我們錯
加拉太書	6	8	欲	欲	慾	慾	我們錯
加拉太書	6	9	志	誌	志	志	我們錯
以弗所書	2	3	欲	欲	慾	慾	我們錯
以弗所書	3	2	托	托	託	託	我們錯
以弗所書	3	4	念	念	唸	念	他們錯
以弗所書	4	19	欲	欲	慾	慾	我們錯
以弗所書	5	8	暗	暗	闇	暗	他們錯
以弗所書	5	11	暗	暗	闇	暗	他們錯
以弗所書	5	25	舍	舍	捨	捨	我們錯
腓立比書	1	13	御	禦	御	御	我們錯
腓立比書	2	13	志	誌	志	志	我們錯
腓立比書	4	12	饥	饑	飢	飢	我們錯
帖撒羅尼迦前書	2	4	托	托	託	託	我們錯
帖撒羅尼迦前書	4	5	欲	欲	慾	慾	我們錯
帖撒羅尼迦前書	4	11	志	誌	志	志	我們錯
帖撒羅尼迦後書	2	4	抬	擡	抬	抬	我們錯
帖撒羅尼迦後書	2	9	迹	跡	蹟	蹟	我們錯
帖撒羅尼迦後書	3	11	闲	閑	閒	閒	我們錯
帖撒羅尼迦後書	3	13	志	誌	志	志	我們錯
提摩太前書	1	11	托	托	託	託	我們錯
提摩太前書	1	18	托	托	託	託	我們錯
提摩太前書	2	9	价	價	价	價	他們錯
提摩太前書	4	16	恒	恒	恆	恆	我們錯
提摩太前書	5	11	欲	欲	慾	慾	我們錯
提摩太前書	5	13	闲	閑	閒	閒	我們錯
提摩太前書	5	18	谷	穀	谷	穀	他們錯
提摩太前書	6	9	欲	欲	慾	慾	我們錯
提摩太前書	6	18	舍	舍	捨	捨	我們錯
提摩太前書	6	20	托	托	託	託	我們錯
提摩太後書	1	14	托	托	託	託	我們錯
提摩太後書	2	2	托	托	託	託	我們錯
提摩太後書	2	22	欲	欲	慾	慾	我們錯
提摩太後書	3	6	欲	欲	慾	慾	我們錯
提摩太後書	3	10	志	誌	志	志	我們錯
提摩太後書	3	12	志	誌	志	志	我們錯
提摩太後書	4	3	欲	欲	慾	慾	我們錯
提多書	1	3	了	了	瞭	了	他們錯
提多書	1	3	托	托	託	託	我們錯
提多書	2	12	欲	欲	慾	慾	我們錯
提多書	3	3	欲	欲	慾	慾	我們錯
腓利門書	1	24	里	裏	里	里	我們錯
希伯來書	1	12	卷	卷	捲	捲	我們錯
希伯來書	2	4	迹	跡	蹟	蹟	我們錯
希伯來書	2	9	尝	嘗	嚐	嘗	他們錯
希伯來書	3	12	恶	惡	噁	惡	他們錯
希伯來書	4	13	系	系	係	係	我們錯
希伯來書	6	15	恒	恒	恆	恆	我們錯
希伯來書	8	9	恒	恒	恆	恆	我們錯
希伯來書	9	19	朱	朱	硃	朱	他們錯
希伯來書	11	27	恒	恒	恆	恆	我們錯
希伯來書	11	35	苟	茍	苟	苟	我們錯
希伯來書	11	36	炼	煉	鍊	煉	他們錯
希伯來書	12	13	愈	愈	癒	癒	我們錯
希伯來書	13	4	苟	茍	苟	苟	我們錯
雅各書	1	11	凋	雕	凋	凋	我們錯
雅各書	1	11	刮	刮	颳	颳	我們錯
雅各書	1	14	欲	欲	慾	慾	我們錯
雅各書	1	15	欲	欲	慾	慾	我們錯
雅各書	2	2	脏	臟	髒	髒	我們錯
雅各書	2	11	奸	奸	姦	姦	我們錯
雅各書	3	15	欲	欲	慾	慾	我們錯
雅各書	4	1	欲	欲	慾	慾	我們錯
雅各書	5	3	锈	銹	鏽	銹	他們錯
雅各書	5	19	回	回	迴	回	他們錯
彼得前書	1	14	欲	欲	慾	慾	我們錯
彼得前書	1	14	蒙	蒙	矇	蒙	他們錯
彼得前書	1	24	凋	雕	凋	凋	我們錯
彼得前書	2	11	欲	欲	慾	慾	我們錯
彼得前書	2	12	鉴	鑒	鑑	鑒	他們錯
彼得前書	2	23	托	托	託	託	我們錯
彼得前書	4	2	欲	欲	慾	慾	我們錯
彼得前書	4	15	闲	閑	閒	閒	我們錯
彼得前書	5	3	托	托	託	託	我們錯
彼得前書	5	12	托	托	託	託	我們錯
彼得後書	1	4	欲	欲	慾	慾	我們錯
彼得後書	1	8	闲	閑	閒	閒	我們錯
彼得後書	2	6	鉴	鑒	鑑	鑑	我們錯
彼得後書	2	10	欲	欲	慾	慾	我們錯
彼得後書	2	18	欲	欲	慾	慾	我們錯
彼得後書	3	3	欲	欲	慾	慾	我們錯
彼得後書	3	12	镕	镕	鎔	鎔	我們錯
約翰壹書	2	16	欲	欲	慾	慾	我們錯
約翰壹書	2	17	欲	欲	慾	慾	我們錯
約翰壹書	4	9	了	了	瞭	了	他們錯
猶大書	1	4	欲	欲	慾	慾	我們錯
猶大書	1	7	欲	欲	慾	慾	我們錯
猶大書	1	7	鉴	鑒	鑑	鑑	我們錯
猶大書	1	16	欲	欲	慾	慾	我們錯
猶大書	1	18	欲	欲	慾	慾	我們錯
猶大書	1	23	欲	欲	慾	慾	我們錯
啟示錄	1	14	发	髮	發	髮	他們錯
啟示錄	2	14	奸	奸	姦	姦	我們錯
啟示錄	2	20	奸	奸	姦	姦	我們錯
啟示錄	6	14	卷	卷	捲	捲	我們錯
啟示錄	6	15	岩	巖	岩	巖	他們錯
啟示錄	6	16	岩	巖	岩	巖	他們錯
啟示錄	7	16	饥	饑	飢	飢	我們錯
啟示錄	9	21	奸	奸	姦	姦	我們錯
啟示錄	12	15	冲	沖	衝	沖	他們錯
啟示錄	14	20	里	裏	里	里	我們錯
啟示錄	16	12	干	乾	幹	乾	他們錯
啟示錄	17	3	朱	朱	硃	朱	他們錯
啟示錄	17	4	朱	朱	硃	朱	他們錯
啟示錄	17	4	杯	杯	盃	杯	他們錯
啟示錄	18	7	后	後	后	后	我們錯
啟示錄	18	12	朱	朱	硃	朱	他們錯
啟示錄	18	13	面	麵	麪	麵	他們錯
啟示錄	18	16	朱	朱	硃	朱	他們錯
歌羅西書	1	23	恒	恒	恆	恆	我們錯
歌羅西書	1	26	了	了	瞭	了	他們錯
歌羅西書	2	11	欲	欲	慾	慾	我們錯
歌羅西書	2	23	克	克	剋	克	他們錯
歌羅西書	2	23	欲	欲	慾	慾	我們錯
歌羅西書	3	21	志	誌	志	志	我們錯
歌羅西書	4	2	恒	恒	恆	恆	我們錯
歌羅西書	4	10	里	裏	里	里	我們錯
歌羅西書	4	16	念	念	唸	念	他們錯
以斯帖記	4	13	复	復	覆	覆	我們錯
以西結書	9	11	复	復	覆	覆	我們錯
以賽亞書	30	24	锨	鍁	杴	杴	我們錯
但以理書	6	2	复	復	覆	覆	我們錯
使徒行傳	6	13	糟	糟	蹧	糟	他們錯
使徒行傳	21	28	糟	糟	蹧	糟	他們錯
使徒行傳	24	1	土	土	士	土	他們錯
使徒行傳	24	2	土	土	士	土	他們錯
出埃及記	8	2	糟	糟	蹧	糟	他們錯
出埃及記	19	8	复	復	覆	覆	我們錯
列王紀上	2	1	咐	咐	吩	咐	他們錯
列王紀上	2	30	复	復	覆	覆	我們錯
列王紀上	12	6	复	復	覆	覆	我們錯
列王紀上	12	9	复	復	覆	覆	我們錯
列王紀上	14	5	如	如	此	如	他們錯
列王紀上	17	12	坛	罈	壇	罈	他們錯
列王紀上	17	12	面	麵	面	麵	他們錯
列王紀上	17	14	坛	罈	壇	罈	他們錯
列王紀上	17	14	面	麵	面	麵	他們錯
列王紀上	17	16	坛	罈	壇	罈	他們錯
列王紀上	17	16	面	麵	面	麵	他們錯
列王紀上	20	9	复	復	覆	覆	我們錯
列王紀下	22	9	复	復	覆	覆	我們錯
列王紀下	22	15	复	復	覆	覆	我們錯
列王紀下	22	18	复	復	覆	覆	我們錯
列王紀下	22	20	复	復	覆	覆	我們錯
創世記	12	5	侄	姪	侄	姪	他們錯
創世記	14	12	侄	姪	侄	姪	他們錯
創世記	14	14	侄	姪	侄	姪	他們錯
創世記	14	16	侄	姪	侄	姪	他們錯
哥林多前書	13	12	模	模	饃	模	他們錯
士師記	4	18	亿	億	憶	億	他們錯
士師記	16	19	发	髮	發	髮	他們錯
彌迦書	4	13	谷	穀	谷	穀	他們錯
撒母耳記上	11	9	复	復	覆	覆	我們錯
撒母耳記下	24	13	复	復	覆	覆	我們錯
歷代志上	3	20	于	于	於	于	他們錯
歷代志上	11	12	朵	朵	犰	朵	他們錯
歷代志上	21	12	复	復	覆	覆	我們錯
歷代志下	10	7	复	復	覆	覆	我們錯
歷代志下	10	9	复	復	覆	覆	我們錯
歷代志下	10	13	复	復	覆	覆	我們錯
歷代志下	22	8	侄	姪	侄	姪	他們錯
歷代志下	34	16	复	復	覆	覆	我們錯
歷代志下	34	23	复	復	覆	覆	我們錯
歷代志下	34	26	复	復	覆	覆	我們錯
歷代志下	34	28	复	復	覆	覆	我們錯
民數記	15	12	只	隻	只	隻	他們錯
民數記	15	38	䍁	䍁	繸	繸	我們錯
民數記	15	38	䍁	䍁	繸	繸	我們錯
民數記	15	39	䍁	䍁	繸	繸	我們錯
申命記	20	19	糟	糟	蹧	糟	他們錯
申命記	22	12	䍁	䍁	繸	繸	我們錯
箴言	22	21	复	復	覆	覆	我們錯
箴言	24	21	复	復	覆	覆	我們錯
約翰福音	1	22	复	復	覆	覆	我們錯
耶利米書	10	5	镟	鏇	旋	鏇	他們錯
耶利米書	13	12	坛	罈	壇	罈	他們錯
耶利米書	13	12	坛	罈	壇	罈	他們錯
耶利米書	51	33	谷	穀	谷	穀	他們錯
詩篇	17	14	只	只	隻	只	他們錯
詩篇	72	16	谷	穀	谷	穀	他們錯
詩篇	80	15	己	己	已	己	他們錯
詩篇	80	17	己	己	已	己	他們錯
詩篇	132	11	复	復	覆	覆	我們錯
路加福音	2	24	斑	斑	班	斑	他們錯
路加福音	8	44	䍁	䍁	繸	繸	我們錯
馬可福音	6	56	䍁	䍁	繸	繸	我們錯
馬可福音	15	25	巳	巳	已	巳	他們錯
馬太福音	9	20	䍁	䍁	繸	繸	我們錯
馬太福音	14	36	䍁	䍁	繸	繸	我們錯
馬太福音	23	5	䍁	䍁	繸	繸	我們錯
