書	章	節	我們	和合本	裁決	上下文
創世記	2	21	沉	沉	對	雅偉神使他沉睡，他就
創世記	4	7	制	制	對	慕你，你卻要制伏它。
創世記	15	12	沉	沉	對	時候，亞伯蘭沉沉地睡了
創世記	15	12	沉	沉	對	候，亞伯蘭沉沉地睡了；
創世記	23	20	藉	藉	對	和田間的洞就藉着赫人定
創世記	31	1	藉	藉	對	都奪了去，並藉着我們父
創世記	32	20	藉	藉	對	心裏説：「我藉着在我前
創世記	44	5	卜	卜	對	？豈不是他占卜用的嗎？
創世記	44	15	卜	卜	對	樣的人必能占卜嗎？」
出埃及記	1	11	制	制	對	人派督工的轄制他們，加
出埃及記	3	7	制	制	對	因受督工的轄制所發的哀
出埃及記	9	35	藉	藉	對	去，正如雅偉藉着摩西所
出埃及記	15	4	沉	沉	對	特選的軍長都沉於紅海。
出埃及記	15	10	沉	沉	對	沒；他們如鉛沉在大水之
出埃及記	17	12	沉	沉	對	但摩西的手發沉，他們就
出埃及記	22	14	借	借	對	「人若向鄰舍借什麼，所
出埃及記	22	14	借	借	對	舍借什麼，所借的或受傷
出埃及記	22	14	借	借	對	有同在一處，借的人總要
出埃及記	22	25	借	借	對	你同住，你若借錢給他，
出埃及記	25	9	製	製	對	製造帳幕和
出埃及記	25	29	製	製	對	這都要用精金製作。
出埃及記	26	1	製	製	對	色、朱紅色線製造，並用
出埃及記	31	4	製	製	對	用金、銀、銅製造各物，
出埃及記	35	29	借	藉	錯	拿來，做雅偉借摩西所吩
出埃及記	35	32	製	製	對	用金、銀、銅製造各物，
出埃及記	36	8	製	製	對	紫色朱紅色線製造的，並
利未記	8	36	藉	藉	對	兒子行了雅偉藉着摩西所
利未記	10	11	借	藉	錯	們可以將雅偉借摩西曉諭
利未記	16	21	藉	藉	對	在羊的頭上，藉着所派之
利未記	25	37	借	借	對	你借錢給他，
利未記	25	37	借	借	對	可向他取利；借糧給他，
利未記	26	16	制	制	對	的癆病熱病轄制你們。你
利未記	26	46	藉	藉	對	列人在西乃山藉着摩西立
民數記	4	37	借	藉	錯	、亞倫照雅偉借摩西所吩
民數記	4	41	借	藉	錯	、亞倫照雅偉借摩西所吩
民數記	4	45	借	藉	錯	、亞倫照雅偉借摩西所吩
民數記	8	4	製	製	對	出來的。摩西製造燈臺，
民數記	10	13	借	藉	錯	是他們照雅偉借摩西所吩
民數記	15	23	借	藉	錯	就是雅偉借摩西一切
民數記	16	40	藉	藉	對	這乃是照雅偉藉着摩西所
民數記	21	8	製	製	對	摩西説：「你製造一條火
民數記	21	9	製	製	對	摩西便製造一條銅
民數記	23	23	卜	卜	對	各，也沒有占卜可以害以
民數記	24	6	沉	沉	對	如雅偉所栽的沉香樹，如
民數記	24	20	沉	沉	對	首，但它終必沉淪。」
民數記	24	24	沉	沉	對	伯；他也必至沉淪。」
民數記	27	23	借	藉	錯	他，是照雅偉借摩西所説
民數記	32	22	制	制	對	那地被雅偉制伏了，然
民數記	32	29	制	制	對	，那地被你們制伏了，你
民數記	36	13	藉	藉	對	耶利哥對面，藉着摩西所
申命記	1	3	藉	藉	對	，摩西照雅偉藉着他所吩
申命記	9	3	制	制	對	他們，將他們制伏在你面
申命記	15	2	借	借	對	凡債主要把所借給鄰舍的
申命記	15	3	借	借	對	若借給外邦人
申命記	15	3	借	借	對	向他追討；但借給你弟兄
申命記	15	6	借	借	對	福與你。你必借給許多國
申命記	15	6	借	借	對	卻不至向他們借貸；你必
申命記	15	8	借	借	對	照他所缺乏的借給他，補
申命記	18	10	卜	卜	對	，也不可有占卜的、觀兆
申命記	18	14	卜	卜	對	信觀兆的和占卜的，至於
申命記	23	19	借	借	對	「你借給你弟兄
申命記	23	20	借	借	對	借給外邦人
申命記	23	20	借	借	對	以取利，只是借給你弟兄
申命記	24	10	借	借	對	「你借給鄰舍，
申命記	24	11	借	借	對	面，等那向你借貸的人把
申命記	27	15	製	製	對	「『有人製造雅偉所
申命記	28	12	借	借	對	福與你。你必借給許多國
申命記	28	12	借	借	對	卻不至向他們借貸。
申命記	28	33	制	制	對	被欺負，受壓制，
申命記	28	44	借	借	對	他必借給你，你
申命記	28	44	借	借	對	你，你卻不能借給他；他
申命記	32	6	製	製	對	來的嗎？他是製造你、建
約書亞記	5	2	製	製	對	書亞説：「你製造火石刀
約書亞記	5	3	製	製	對	約書亞就製造了火石
約書亞記	14	2	借	藉	錯	是照雅偉借摩西所吩
約書亞記	18	1	制	制	對	地已經被他們制伏了。
約書亞記	20	2	借	藉	錯	你們要照着我借摩西所曉
約書亞記	21	2	藉	藉	對	：「從前雅偉藉着摩西吩
約書亞記	21	8	借	藉	錯	列人照着雅偉借摩西所吩
約書亞記	22	9	借	藉	錯	，就是照雅偉借摩西所吩
士師記	2	22	藉	藉	對	為要藉此試驗以
士師記	3	4	借	藉	錯	們肯聽從雅偉借摩西吩咐
士師記	3	30	制	制	對	就被以色列人制伏了。國
士師記	4	21	沉	沉	對	西西拉疲乏沉睡。希百
士師記	4	23	制	制	對	賓被以色列人制伏了。
士師記	6	2	制	制	對	米甸人壓制以色列人
士師記	6	36	借	藉	錯	着所説的話，借我手拯救
士師記	6	37	借	藉	錯	着所説的話，借我手拯救
士師記	8	27	製	製	對	基甸以此製造了一個
士師記	8	28	制	制	對	人被以色列人制伏了，不
士師記	11	33	制	制	對	就被以色列人制伏了。
士師記	14	4	制	制	對	，非利士人轄制以色列人
士師記	15	11	制	制	對	「非利士人轄制我們，你
士師記	15	18	借	藉	錯	偉説：「你既借僕人的手
士師記	15	20	制	制	對	當非利士人轄制以色列人
士師記	16	5	制	制	對	勝他，捆綁剋制他。我們
士師記	16	6	制	制	對	用何法捆綁剋制你。」
士師記	16	19	制	制	對	於是大利拉剋制他，他的
士師記	17	5	製	製	對	有了神堂，又製造以弗得
士師記	19	25	凌	凌	對	她交合，終夜凌辱她，直
撒母耳記上	4	18	沉	沉	對	紀老邁，身體沉重。以利
撒母耳記上	6	2	卜	卜	對	人將祭司和占卜的聚了來
撒母耳記上	6	5	製	製	對	所以當製造你們痔
撒母耳記上	7	13	制	制	對	非利士人就被制伏，不敢
撒母耳記上	8	13	製	製	對	們的女兒為他製造香膏，
撒母耳記上	11	2	凌	凌	對	的右眼，以此凌辱以色列
撒母耳記上	13	19	製	製	對	恐怕希伯來人製造刀槍。
撒母耳記上	18	17	借	藉	錯	親手害他，要借非利士人
撒母耳記上	18	21	借	藉	錯	他的網羅，好借非利士人
撒母耳記上	20	16	借	藉	錯	説：「願雅偉借大衞的仇
撒母耳記上	26	12	沉	沉	對	為雅偉使他們沉沉地睡了
撒母耳記上	26	12	沉	沉	對	雅偉使他們沉沉地睡了。
撒母耳記上	28	6	借	藉	錯	偉，雅偉卻不借夢，或烏
撒母耳記上	28	15	借	藉	錯	離開我，不再借先知或夢
撒母耳記上	28	17	借	藉	錯	雅偉照他借我説的話
撒母耳記上	31	4	凌	凌	對	的人來刺我，凌辱我。」
撒母耳記下	3	18	借	藉	錯	衞説：『我必借我僕人大
撒母耳記下	6	5	製	製	對	面前，用松木製造的各樣
撒母耳記下	12	9	借	借	對	惡的事呢？你借亞捫人的
撒母耳記下	12	25	借	藉	錯	就借先知拿單
撒母耳記下	22	30	藉	藉	對	我藉着你衝入
撒母耳記下	22	30	藉	藉	對	你衝入敵軍，藉着我的神
撒母耳記下	23	2	藉	藉	對	雅偉的靈藉着我説，
列王紀上	6	31	製	製	對	又用橄欖木製造內殿的
列王紀上	6	33	製	製	對	又用橄欖木製造外殿的
列王紀上	7	15	製	製	對	他製造兩根銅
列王紀上	7	27	製	製	對	他用銅製造十個盆
列王紀上	7	38	製	製	對	又用銅製造十個盆
列王紀上	7	46	借	藉	錯	撒拉但中間，借膠泥鑄成
列王紀上	8	53	借	藉	錯	埃及的時候，借你僕人摩
列王紀上	8	56	借	藉	錯	以色列人，凡借他僕人摩
列王紀上	9	26	製	製	對	祿的以旬迦別製造船隻。
列王紀上	10	18	製	製	對	王用象牙製造一個寶
列王紀上	12	15	借	藉	錯	，為要應驗他借示羅人亞
列王紀上	14	18	借	藉	錯	哭，正如雅偉借他僕人先
列王紀上	14	26	製	製	對	又奪去所羅門製造的金盾
列王紀上	14	27	製	製	對	羅波安王製造銅盾牌
列王紀上	15	29	借	藉	錯	，正應驗雅偉借他僕人示
列王紀上	16	12	借	藉	錯	家，正如雅偉借先知耶户
列王紀上	16	34	借	藉	錯	割，正如雅偉借嫩的兒子
列王紀上	17	16	借	藉	錯	短，正如雅偉借以利亞所
列王紀上	17	24	借	藉	錯	是神人，雅偉借你口所説
列王紀上	20	14	藉	藉	對	亞哈説：「藉着誰呢？
列王紀上	20	14	藉	藉	對	：「雅偉説，藉着跟從省
列王紀上	22	28	借	藉	錯	就是雅偉沒有借我説這話
列王紀上	22	48	製	製	對	約沙法製造他施船
列王紀下	1	2	卜	卜	對	倫的神巴力西卜，我這病
列王紀下	1	3	卜	卜	對	革倫神巴力西卜，豈因以
列王紀下	1	6	卜	卜	對	革倫神巴力西卜，豈因以
列王紀下	1	16	卜	卜	對	革倫神巴力西卜，豈因以
列王紀下	1	17	藉	藉	對	了，正如雅偉藉以利亞所
列王紀下	4	3	借	借	對	，向你眾鄰舍借空器皿，
列王紀下	4	3	借	借	對	器皿，不要少借；
列王紀下	5	1	借	藉	錯	大，因雅偉曾借他使亞蘭
列王紀下	6	5	借	借	對	啊！這斧子是借的。」
列王紀下	9	36	借	藉	錯	這正應驗雅偉借他僕人提
列王紀下	10	10	借	藉	錯	空，因為雅偉借他僕人以
列王紀下	14	25	借	藉	錯	偉以色列的神借他僕人迦
列王紀下	14	27	借	藉	錯	天下塗抹，乃借約阿施的
列王紀下	17	13	借	藉	錯	但雅偉借眾先知、
列王紀下	17	13	借	藉	錯	你們列祖，並借我僕人眾
列王紀下	17	17	卜	卜	對	女經火，用占卜，行法術
列王紀下	17	23	借	藉	錯	出他們，正如借他僕人眾
列王紀下	17	29	製	製	對	城裏各為自己製造神像，
列王紀下	19	3	凌	凌	對	急難、責罰、凌辱的日子
列王紀下	19	23	借	藉	錯	你借你的使者
列王紀下	19	25	借	藉	錯	的，就是現在借你使堅固
列王紀下	21	10	借	藉	錯	雅偉借他僕人眾
列王紀下	24	2	借	藉	錯	大，正如雅偉借他僕人眾
歷代志上	6	15	借	藉	錯	當雅偉借尼布甲尼
歷代志上	10	4	凌	凌	對	受割禮的人來凌辱我。」
歷代志上	11	3	借	藉	錯	王，是照雅偉借撒母耳所
歷代志上	14	11	借	藉	錯	大衞説：「神借我的手沖
歷代志上	15	15	借	藉	錯	櫃，是照雅偉借摩西所吩
歷代志上	16	7	借	藉	錯	日，大衞初次借亞薩和他
歷代志上	18	8	製	製	對	來所羅門用此製造銅海、
歷代志上	20	4	制	制	對	非利士人就被制伏了。
歷代志上	22	13	借	藉	錯	謹守遵行雅偉借摩西吩咐
歷代志上	22	18	制	制	對	與他百姓面前制伏了。
歷代志上	24	19	借	藉	錯	偉以色列的神借他們祖宗
歷代志上	29	5	借	藉	錯	子做銀器，並借匠人的手
歷代志上	29	5	製	製	對	並借匠人的手製造一切。
歷代志下	1	3	製	製	對	摩西在曠野所製造的。
歷代志下	2	14	製	製	對	線，與細麻，製造各物，
歷代志下	4	1	製	製	對	他又製造一座銅
歷代志下	4	6	製	製	對	又製造十個盆
歷代志下	4	17	借	藉	錯	撒利但中間，借膠泥鑄成
歷代志下	4	18	製	製	對	所羅門製造的這一
歷代志下	4	22	製	製	對	又用精金製造鑷子、
歷代志下	7	6	借	藉	錯	衞王造出來，借利未人頌
歷代志下	9	17	製	製	對	王用象牙製造一個大
歷代志下	10	15	借	藉	錯	為要應驗雅偉借示羅人亞
歷代志下	12	7	借	藉	錯	得拯救，我不借着示撒的
歷代志下	12	9	製	製	對	又奪去所羅門製造的金盾
歷代志下	12	10	製	製	對	羅波安王製造銅盾牌
歷代志下	13	18	制	制	對	，以色列人被制伏了，猶
歷代志下	18	27	借	藉	錯	就是雅偉沒有借我説這話
歷代志下	21	15	沉	沉	對	必患病，日加沉重，以致
歷代志下	24	14	製	製	對	大面前，用以製造雅偉殿
歷代志下	24	24	借	藉	錯	祖的神，所以借亞蘭人懲
歷代志下	28	20	凌	凌	對	助他，反倒欺凌他。
歷代志下	29	25	借	藉	錯	的，就是雅偉借先知所吩
歷代志下	32	5	製	製	對	衞城的米羅，製造了許多
歷代志下	33	8	借	藉	錯	若謹守遵行我借摩西所吩
歷代志下	35	6	借	藉	錯	，好遵守雅偉借摩西所吩
歷代志下	35	22	借	藉	錯	仗，不聽從神借尼哥之口
歷代志下	36	21	借	藉	錯	這就應驗雅偉借耶利米口
歷代志下	36	22	借	藉	錯	雅偉為要應驗借耶利米口
以斯拉記	1	1	借	藉	錯	雅偉為要應驗借耶利米口
以斯拉記	2	51	卜	卜	對	巴卜的子孫、
以斯拉記	9	8	制	制	對	使我們在受轄制之中稍微
以斯拉記	9	9	制	制	對	，然而在受轄制之中，我
以斯拉記	9	11	借	藉	錯	就是你借你僕人眾
尼希米記	1	3	凌	凌	對	省遭大難，受凌辱；並且
尼希米記	1	7	藉	藉	對	，沒有遵守你藉着僕人摩
尼希米記	2	17	凌	凌	對	牆，免得再受凌辱！」
尼希米記	3	16	卜	卜	對	伯夙一半，押卜的兒子尼
尼希米記	5	4	借	借	對	地、葡萄園，借了錢給王
尼希米記	5	10	借	借	對	也將銀錢糧食借給百姓；
尼希米記	5	15	制	制	對	們的僕人也轄制百姓；但
尼希米記	7	53	卜	卜	對	巴卜的子孫、
尼希米記	8	1	借	藉	錯	以斯拉將雅偉借摩西傳給
尼希米記	8	14	借	藉	錯	上寫着，雅偉借摩西吩咐
尼希米記	9	14	借	藉	錯	安息聖日，並借你僕人摩
尼希米記	9	24	制	制	對	你在他們面前制伏那地的
尼希米記	9	28	制	制	對	中，使仇敵轄制他們。然
尼希米記	9	30	借	藉	錯	，又用你的靈借眾先知勸
尼希米記	9	37	制	制	對	們的罪所派轄制我們的。
尼希米記	9	37	制	制	對	。他們任意轄制我們的身
尼希米記	10	29	借	藉	錯	誓，必遵行神借他僕人摩
以斯帖記	7	8	凌	凌	對	內、在我面前凌辱王后嗎
以斯帖記	9	1	制	制	對	的仇敵盼望轄制他們的日
以斯帖記	9	1	制	制	對	猶大人反倒轄制恨他們的
約伯記	3	19	制	制	對	脱離主人的轄制。
約伯記	4	13	沉	沉	對	象之間，世人沉睡的時候
約伯記	10	9	製	製	對	求你記念，製造我如摶
約伯記	26	12	借	藉	錯	攪動大海；他借知識打傷
約伯記	26	13	借	藉	錯	借他的靈使
約伯記	29	3	借	藉	錯	在我頭上，我借他的光行
約伯記	33	15	沉	沉	對	人躺在牀上沉睡的時候
約伯記	34	20	借	借	對	力的被奪去非借人手。
約伯記	35	9	制	制	對	因受能者的轄制便求救，
約伯記	36	15	藉	藉	對	神藉着困苦救
約伯記	37	12	借	藉	錯	這雲是借他的指引
約伯記	39	26	借	藉	錯	直向南，豈是借你的智慧
約伯記	40	12	制	制	對	傲的人，將他制伏，把惡
詩篇	13	2	制	制	對	的仇敵升高壓制我，要到
詩篇	13	3	沉	沉	對	光明，免得我沉睡至死；
詩篇	17	4	藉	藉	對	人的行為，我藉着你嘴唇
詩篇	18	10	藉	藉	對	路伯飛行；他藉着風的翅
詩篇	18	29	藉	藉	對	我藉着你衝入
詩篇	18	29	藉	藉	對	你衝入敵軍，藉着我的神
詩篇	19	13	制	制	對	，不容這罪轄制我，我便
詩篇	32	4	沉	沉	對	的手在我身上沉重；我的
詩篇	33	6	借	藉	錯	諸天借雅偉的命
詩篇	33	6	借	藉	錯	命而造；萬象借他口中的
詩篇	37	21	借	借	對	惡人借貸而不償
詩篇	37	26	借	借	對	終日恩待人，借給人；他
詩篇	44	15	凌	凌	對	我的凌辱終日在
詩篇	45	8	沉	沉	對	，都有沒藥、沉香、肉桂
詩篇	57	6	制	制	對	設下網羅，壓制我的心；
詩篇	69	19	凌	凌	對	受的辱罵、欺凌、羞辱；
詩篇	73	18	沉	沉	對	，使他們掉在沉淪之中。
詩篇	76	6	沉	沉	對	、騎馬的，都沉睡了。
詩篇	77	3	沉	沉	對	煩燥不安；我沉吟悲傷，
詩篇	77	20	借	藉	錯	你曾借摩西和亞
詩篇	92	4	藉	藉	對	因你雅偉藉着你的作
詩篇	94	20	借	藉	錯	那借着律例架
詩篇	104	3	藉	藉	對	雲彩為車輦，藉着風的翅
詩篇	104	8	沉	沉	對	山升上，諸谷沉下，歸你
詩篇	104	19	沉	沉	對	令；日頭自知沉落。
詩篇	106	41	制	制	對	他們的人就轄制他們。
詩篇	109	6	制	制	對	派一個惡人轄制他，派一
詩篇	112	5	借	借	對	施恩與人，借貸與人的
詩篇	119	73	製	製	對	你的手製造我，建
詩篇	119	104	藉	藉	對	我藉着你的訓
詩篇	119	133	制	制	對	許什麼罪孽轄制我。
箴言	6	33	凌	凌	對	受傷損，必被凌辱；他的
箴言	7	17	沉	沉	對	我又用沒藥、沉香、桂皮
箴言	8	15	借	藉	錯	帝王借我坐國位
箴言	8	15	借	藉	錯	坐國位；君王借我定公平
箴言	8	16	借	藉	錯	審判官，都是借我掌權。
箴言	9	11	藉	藉	對	你藉着我，日
箴言	10	5	沉	沉	對	之子；收割時沉睡的，是
箴言	19	15	沉	沉	對	懶惰使人沉睡，懈怠
箴言	19	17	借	借	對	貧窮的，就是借給雅偉；
箴言	25	28	制	制	對	人不制伏自己的
箴言	26	6	借	藉	錯	借愚昧人手
箴言	26	18	凌	凌	對	人欺凌鄰舍，卻
箴言	27	3	沉	沉	對	石頭重，沙土沉，愚妄人
箴言	28	15	制	制	對	暴虐的君王轄制貧民，好
箴言	29	4	借	藉	錯	王借公平，使
箴言	31	22	製	製	對	她為自己製作繡花毯
雅歌	3	9	製	製	對	巴嫩木為自己製造一乘華
雅歌	4	14	沉	沉	對	香木、沒藥、沉香，與一
以賽亞書	3	2	卜	卜	對	官和先知，占卜的和長老
以賽亞書	3	15	制	制	對	「你們為何壓制我的百姓
以賽亞書	6	10	沉	沉	對	脂油，耳朵發沉，眼睛昏
以賽亞書	13	11	制	制	對	的狂妄止息，制伏強暴人
以賽亞書	14	2	制	制	對	掠他們的，轄制先前欺壓
以賽亞書	14	5	制	制	對	惡人的杖，轄制人的圭，
以賽亞書	14	6	制	制	對	，在怒氣中轄制列國，行
以賽亞書	19	4	制	制	對	；強暴王必轄制他們。這
以賽亞書	24	2	借	借	對	放債的怎樣，借債的也怎
以賽亞書	24	20	沉	沉	對	。罪過在其上沉重，必然
以賽亞書	25	5	制	制	對	你要壓制外邦人的
以賽亞書	28	11	借	藉	錯	「不然，主要借異邦人的
以賽亞書	29	10	沉	沉	對	因為雅偉將沉睡的靈澆
以賽亞書	29	16	製	製	對	匠如泥嗎？被製作的物豈
以賽亞書	29	16	製	製	對	作的物豈可論製作物的説
以賽亞書	29	16	製	製	對	説：「他沒有製作我？」
以賽亞書	30	5	凌	凌	對	益，只作羞恥凌辱。」
以賽亞書	32	1	借	藉	錯	政；必有首領借公平掌權
以賽亞書	37	3	凌	凌	對	急難、責罰、凌辱的日子
以賽亞書	37	24	借	藉	錯	你借你的臣僕
以賽亞書	37	26	借	藉	錯	立的嗎？現在借你使堅固
以賽亞書	44	9	製	製	對	製造雕刻偶
以賽亞書	44	10	製	製	對	誰製造神像，
以賽亞書	44	25	卜	卜	對	頭失效，使占卜的癲狂，
以賽亞書	45	16	製	製	對	凡製造偶像的
以賽亞書	45	18	製	製	對	諸天的雅偉，製造成全大
以賽亞書	46	6	製	製	對	的人，雇銀匠製造神像，
以賽亞書	52	5	制	制	對	？雅偉説：轄制他們的人
以賽亞書	59	1	沉	沉	對	，耳朵並非發沉，不能聽
以賽亞書	61	7	凌	凌	對	必代替所受的凌辱。在境
以賽亞書	63	6	沉	沉	對	烈怒，使他們沉醉，又將
耶利米書	2	8	借	藉	錯	違背我；先知借巴力説預
耶利米書	3	16	製	製	對	缺少，也不再製造。
耶利米書	5	31	借	藉	錯	假預言，祭司借他們把持
耶利米書	13	21	制	制	對	朋友為首，轄制你，那時
耶利米書	14	14	卜	卜	對	假的異象和占卜，並虛無
耶利米書	15	10	借	借	對	。我素來沒有借貸與人，
耶利米書	15	10	借	借	對	人，人也沒有借貸與我，
耶利米書	15	15	凌	凌	對	你的緣故受了凌辱。
耶利米書	16	20	製	製	對	人豈可為自己製造神呢？
耶利米書	20	8	凌	凌	對	終日成了我的凌辱、譏刺
耶利米書	23	13	借	藉	錯	見愚妄；他們借巴力説預
耶利米書	23	40	凌	凌	對	又必使永遠的凌辱和長久
耶利米書	24	9	凌	凌	對	到的各處成為凌辱、笑談
耶利米書	27	3	借	藉	錯	借那些來到
耶利米書	27	8	借	藉	錯	那邦，直到我借巴比倫王
耶利米書	27	9	卜	卜	對	們的先知和占卜的、圓夢
耶利米書	29	3	借	藉	錯	他借沙番的兒
耶利米書	29	8	卜	卜	對	間的先知和占卜的誘惑，
耶利米書	29	22	借	藉	錯	的猶大人，必借這二人賭
耶利米書	31	19	凌	凌	對	因擔當幼年的凌辱，就抱
耶利米書	37	2	借	藉	錯	都不聽從雅偉借先知耶利
耶利米書	48	26	沉	沉	對	你們要使摩押沉醉，因她
耶利米書	50	1	借	藉	錯	雅偉借先知耶利
耶利米書	51	7	沉	沉	對	金杯，使天下沉醉；萬國
耶利米書	51	39	沉	沉	對	酒席，使他們沉醉，好叫
耶利米書	51	57	沉	沉	對	省長和勇士都沉醉，使他
耶利米書	51	64	沉	沉	對	災禍，必如此沉下去，不
耶利米哀歌	1	13	制	制	對	我的骨頭，剋制了我；他
耶利米哀歌	3	7	沉	沉	對	他使我的銅鏈沉重。
耶利米哀歌	3	30	凌	凌	對	腮頰，要滿受凌辱。
耶利米哀歌	5	1	凌	凌	對	看我們所受的凌辱。
耶利米哀歌	5	8	制	制	對	奴僕轄制我們，無
以西結書	4	11	制	制	對	你喝水也要按制子，每日
以西結書	4	16	制	制	對	；喝水也要按制子，驚惶
以西結書	7	20	製	製	對	他們卻在其中製造可憎可
以西結書	7	23	製	製	對	「要製造鎖鏈；
以西結書	11	24	藉	藉	對	起，在異象中藉着神的靈
以西結書	12	24	卜	卜	對	象和奉承的占卜。
以西結書	13	6	卜	卜	對	，是謊詐的占卜。他們説
以西結書	13	7	卜	卜	對	説了謊詐的占卜嗎？你們
以西結書	13	9	卜	卜	對	象、用謊詐占卜的先知，
以西結書	13	23	卜	卜	對	，也不再行占卜的事；我
以西結書	14	5	藉	藉	對	，因為他們都藉着假神與
以西結書	16	17	製	製	對	、寶器為自己製造人像，
以西結書	16	56	凌	凌	對	多瑪。那受了凌辱的亞蘭
以西結書	18	8	借	借	對	未曾向借錢的弟兄
以西結書	18	8	借	借	對	利，也未曾向借糧的弟兄
以西結書	18	13	借	借	對	向借錢的弟兄
以西結書	18	13	借	借	對	弟兄取利，向借糧的弟兄
以西結書	18	17	借	借	對	窮人，未曾向借錢的弟兄
以西結書	18	17	借	借	對	利，也未曾向借糧的弟兄
以西結書	21	21	卜	卜	對	條路口上要占卜。他搖籤
以西結書	21	22	卜	卜	對	為耶路撒冷占卜的籤，使
以西結書	21	23	卜	卜	對	這是虛假的占卜；但巴比
以西結書	21	28	凌	凌	對	捫人和他們的凌辱，吩咐
以西結書	21	29	卜	卜	對	，行謊詐的占卜，使你倒
以西結書	22	4	凌	凌	對	叫你受列國的凌辱和列邦
以西結書	22	12	借	借	對	賄賂的；有向借錢的弟兄
以西結書	22	12	借	借	對	弟兄取利，向借糧的弟兄
以西結書	22	28	卜	卜	對	，用謊詐的占卜，説：『
以西結書	25	14	借	藉	錯	我必借我民以色
以西結書	27	27	沉	沉	對	壞的日子必都沉在海中。
以西結書	27	34	沉	沉	對	切人民，就都沉下去了。
以西結書	29	15	制	制	對	，以致不再轄制列國。
以西結書	30	10	借	藉	錯	此説：「我必借巴比倫王
以西結書	30	12	借	藉	錯	的手中；我必借外邦人的
以西結書	32	12	借	藉	錯	我必借勇士的刀
以西結書	34	4	制	制	對	強暴嚴嚴地轄制。
以西結書	37	1	借	藉	錯	我身上。雅偉借他的靈帶
以西結書	38	17	借	藉	錯	説：我在古時借我的僕人
但以理書	2	5	凌	凌	對	訴我，就必被凌遲，你們
但以理書	2	40	制	制	對	，鐵能打碎剋制百物，又
但以理書	2	40	制	制	對	國也必打碎壓制列國。
但以理書	3	29	凌	凌	對	之神的，必被凌遲，他的
但以理書	7	24	制	制	對	的不同；他必制伏三王。
但以理書	8	18	沉	沉	對	，我面伏在地沉睡；他就
但以理書	9	10	借	藉	錯	，沒有遵行他借僕人眾先
但以理書	10	9	沉	沉	對	見就面伏在地沉睡了。
何西阿書	6	5	借	藉	錯	因此，我借先知砍伐
何西阿書	8	4	製	製	對	用金銀為自己製造偶像，
何西阿書	12	10	借	藉	錯	且加增默示，借先知設立
何西阿書	12	13	借	藉	錯	雅偉借先知領以
何西阿書	12	13	借	藉	錯	來；以色列也借先知而得
何西阿書	13	2	製	製	對	照自己的聰明製造，都是
阿摩司書	6	5	製	製	對	歌曲，為自己製造樂器，
約拿書	1	5	沉	沉	對	到底艙，躺卧沉睡。
約拿書	1	6	沉	沉	對	他説：「你這沉睡的人哪
彌迦書	3	6	卜	卜	對	，以致不能占卜。日頭必
彌迦書	3	6	沉	沉	對	日頭必向你們沉落，白晝
彌迦書	3	7	卜	卜	對	見必抱愧，占卜的必蒙羞
彌迦書	3	8	借	藉	錯	至於我，我借雅偉的靈
彌迦書	3	11	卜	卜	對	知為銀錢行占卜。他們卻
彌迦書	5	12	卜	卜	對	裏也不再有占卜的。
那鴻書	3	4	借	藉	錯	，慣行邪術，借淫行誘惑
哈巴谷書	2	18	製	製	對	虛謊的師傅。製造者倚靠
哈該書	1	1	借	藉	錯	日，雅偉的話借先知哈該
撒迦利亞書	7	7	借	藉	錯	的時候，雅偉借從前的先
撒迦利亞書	7	12	借	藉	錯	軍之雅偉用靈借從前的先
撒迦利亞書	10	2	卜	卜	對	言的是虛空，卜士所見的
瑪拉基書	1	1	借	藉	錯	雅偉借瑪拉基傳
馬太福音	1	22	借	藉	錯	就是要應驗主借先知所説
馬太福音	2	15	借	藉	錯	這是要應驗主借先知所説
馬太福音	5	42	借	借	對	給他；有向你借貸的，不
馬太福音	10	25	卜	卜	對	罵家主是別西卜，何況他
馬太福音	12	24	卜	卜	對	靠着鬼王別西卜啊。」
馬太福音	12	27	卜	卜	對	我若靠着別西卜趕鬼，你
馬太福音	13	15	沉	沉	對	了心，耳朵發沉，眼睛閉
馬太福音	14	30	沈	沉	錯	就害怕，將要沈下去，便
馬太福音	15	6	藉	藉	對	』這就是你們藉着遺傳，
馬太福音	18	6	沉	沉	對	人的頸項上，沉在深海裏
馬太福音	22	6	凌	凌	對	的拿住僕人，凌辱他們，
馬可福音	3	22	卜	卜	對	「他是被別西卜附着；」
馬可福音	5	4	制	制	對	；總沒有人能制伏他。
馬可福音	6	7	制	制	對	給他們權柄，制伏污鬼；
馬可福音	12	4	凌	凌	對	他的頭，並且凌辱他。
路加福音	1	70	藉	藉	對	正如主藉着從創世
路加福音	4	18	制	制	對	見，叫那受壓制的得自由
路加福音	5	7	沉	沉	對	船，甚至船要沉下去。
路加福音	6	28	凌	凌	對	要為他祝福！凌辱你們的
路加福音	6	34	借	借	對	你們若借給人，指
路加福音	6	34	借	借	對	？就是罪人也借給罪人，
路加福音	6	35	借	借	對	待他們，並要借給人不指
路加福音	9	1	制	制	對	能力、權柄，制伏一切的
路加福音	9	12	借	借	對	四面鄉村裏去借宿找吃的
路加福音	11	5	借	借	對	：『朋友！請借給我三個
路加福音	11	15	卜	卜	對	靠着鬼王別西卜趕鬼。」
路加福音	11	18	卜	卜	對	我是靠着別西卜趕鬼。
路加福音	11	19	卜	卜	對	我若靠着別西卜趕鬼，你
路加福音	16	9	藉	藉	對	告訴你們，要藉着那不義
路加福音	18	32	凌	凌	對	們要戲弄他，凌辱他，吐
路加福音	20	11	凌	凌	對	打了他，並且凌辱他，叫
約翰福音	1	3	藉	藉	對	萬物是藉着他造的
約翰福音	1	3	藉	藉	對	沒有一樣不是藉着他造的
約翰福音	1	10	藉	藉	對	界，世界也是藉着他造的
約翰福音	1	17	藉	藉	對	律法本是藉着摩西傳
約翰福音	14	6	借	藉	錯	、生命；若不借着我，沒
約翰福音	19	39	沉	沉	對	，帶着沒藥和沉香約有一
使徒行傳	1	2	藉	藉	對	直到他藉着聖靈吩
使徒行傳	1	16	借	藉	錯	弟兄們！聖靈借大衞的口
使徒行傳	2	22	藉	藉	對	聽我的話：神藉着拿撒勒
使徒行傳	2	23	藉	藉	對	與人，你們就藉着無法之
使徒行傳	3	18	借	藉	錯	但神曾借眾先知的
使徒行傳	3	21	藉	藉	對	從創世以來、藉着聖先知
使徒行傳	4	22	藉	藉	對	原來藉着神蹟醫
使徒行傳	4	25	藉	藉	對	你曾藉着聖靈，
使徒行傳	5	12	借	藉	錯	主借使徒的手
使徒行傳	7	25	借	藉	錯	兄必明白神是借他的手搭
使徒行傳	7	35	借	藉	錯	官』的；神卻借那在荊棘
使徒行傳	10	36	藉	藉	對	神藉着耶穌基
使徒行傳	10	38	制	制	對	好凡被魔鬼壓制的人，因
使徒行傳	11	28	藉	藉	對	布，站起來，藉着聖靈指
使徒行傳	14	3	借	藉	錯	放膽講道；主借他們的手
使徒行傳	14	5	凌	凌	對	齊擁上來，要凌辱使徒，
使徒行傳	14	11	藉	藉	對	大聲説：有神藉着人形降
使徒行傳	14	27	借	藉	錯	眾，就述説神借他們所行
使徒行傳	15	9	藉	藉	對	又藉着信潔淨
使徒行傳	15	12	借	藉	錯	和保羅述説神借他們在外
使徒行傳	17	31	藉	藉	對	定了日子，要藉着他所設
使徒行傳	18	3	製	製	對	他們本是製造帳棚為
使徒行傳	19	11	借	藉	錯	神借保羅的手
使徒行傳	19	16	制	制	對	了其中二人，制伏他們，
使徒行傳	19	24	製	製	對	叫底米丟，是製造亞底米
使徒行傳	20	9	沉	沉	對	窗臺上，困倦沉睡。保羅
使徒行傳	24	25	制	制	對	講論公義、節制，和將來
使徒行傳	28	25	借	藉	錯	，説：「聖靈借先知以賽
使徒行傳	28	27	沉	沉	對	了心，耳朵發沉，眼睛閉
羅馬書	1	2	借	藉	錯	福音是神從前借眾先知在
羅馬書	1	20	藉	藉	對	眼不能見，但藉着所造之
羅馬書	2	16	借	藉	錯	就在神借耶穌基督
羅馬書	3	25	藉	藉	對	着耶穌的血，藉着人的信
羅馬書	5	1	藉	藉	對	因信稱義，就藉着我們的
羅馬書	5	2	藉	藉	對	我們又藉着他，因
羅馬書	5	9	藉	藉	對	稱義，就更要藉着他免去
羅馬書	5	10	藉	藉	對	敵的時候，且藉着神兒子
羅馬書	5	11	藉	藉	對	如此，我們既藉着我主耶
羅馬書	5	11	藉	藉	對	神和好，也就藉着他以神
羅馬書	5	21	藉	藉	對	照樣，恩典也藉着義作王
羅馬書	6	4	藉	藉	對	所以，我們藉着洗禮歸
羅馬書	6	4	藉	藉	對	樣式，像基督藉着父的榮
羅馬書	7	4	藉	藉	對	樣説來，你們藉着基督的
羅馬書	7	8	藉	藉	對	趁着機會，就藉着誡命叫
羅馬書	7	11	藉	藉	對	趁着機會，就藉着誡命引
羅馬書	7	13	藉	藉	對	乃是罪。但罪藉着那良善
羅馬書	8	11	藉	藉	對	復活的，也必藉着住在你
羅馬書	8	21	制	制	對	脱離敗壞的轄制，得享神
羅馬書	15	13	藉	藉	對	的心，使你們藉着聖靈的
羅馬書	15	18	借	藉	錯	除了基督借我做的那
羅馬書	15	18	借	藉	錯	敢提，只提他借我言語作
羅馬書	15	30	藉	藉	對	弟兄們，我藉着我們主
羅馬書	15	30	藉	藉	對	耶穌基督，又藉着聖靈的
羅馬書	16	26	借	藉	錯	永生神的命，借眾先知的
哥林多前書	1	10	借	藉	錯	弟兄們，我借我們主耶
哥林多前書	2	10	藉	藉	對	只有神藉着聖靈向
哥林多前書	6	11	藉	藉	對	基督的名，並藉着我們神
哥林多前書	6	12	制	制	對	總不受它的轄制。
哥林多前書	8	6	藉	藉	對	督，萬物都是藉着他有的
哥林多前書	8	6	藉	藉	對	的；我們也是藉着他有的
哥林多前書	8	11	沉	沉	對	就因你的知識沉淪了。
哥林多前書	9	25	制	制	對	，諸事都有節制，他們不
哥林多前書	15	57	藉	藉	對	謝神，使我們藉着我們的
哥林多後書	1	20	藉	藉	對	是是的。所以藉着他也都
哥林多後書	2	7	沉	沉	對	愁太過，甚至沉淪了。
哥林多後書	2	14	藉	藉	對	督裏誇勝，並藉着我們在
哥林多後書	3	3	藉	藉	對	是基督的信，藉着我們修
哥林多後書	5	18	藉	藉	對	是出於神；他藉着基督使
哥林多後書	5	20	借	藉	錯	者，就好像神借我們勸你
哥林多後書	7	6	藉	藉	對	氣之人的神，藉着提多來
哥林多後書	7	7	藉	藉	對	不但藉着他來，
哥林多後書	7	7	藉	藉	對	藉着他來，也藉着他從你
哥林多後書	8	8	藉	藉	對	咐你們，乃是藉着別人的
哥林多後書	9	11	藉	藉	對	多多施捨，就藉着我們使
哥林多後書	10	1	藉	藉	對	的，如今親自藉着基督的
哥林多後書	10	10	沉	沉	對	：「他的信又沉重又利害
哥林多後書	10	16	藉	藉	對	人界限之內，藉着他現成
哥林多後書	12	10	凌	凌	對	，就以軟弱、凌辱、急難
哥林多後書	12	12	藉	藉	對	百般的忍耐，藉着神蹟、
哥林多後書	12	17	藉	藉	對	裏去的人，我藉着他一個
加拉太書	1	1	藉	藉	對	於人，也不是藉着人，乃
加拉太書	1	1	藉	藉	對	藉着人，乃是藉着耶穌基
加拉太書	1	6	借	藉	錯	這麼快離開那借着基督之
加拉太書	2	21	藉	藉	對	的恩；義若是藉着律法得
加拉太書	3	19	借	藉	錯	來到，並且是借天使經中
加拉太書	5	1	制	制	對	被奴僕的軛挾制。
加拉太書	5	23	制	制	對	温柔、節制。這樣的
加拉太書	6	13	藉	藉	對	割禮，不過要藉着你們的
以弗所書	1	5	藉	藉	對	的，預定我們藉着耶穌基
以弗所書	1	7	借	藉	錯	我們借這愛子的
以弗所書	2	15	藉	藉	對	，為要將兩下藉着自己造
以弗所書	2	16	借	藉	錯	滅了冤仇，便借這十字架
以弗所書	2	18	藉	藉	對	因為我們兩下藉着他被一
以弗所書	2	22	藉	藉	對	建造，成為神藉着聖靈居
以弗所書	3	5	藉	藉	對	知道，像如今藉着聖靈啓
以弗所書	3	6	藉	藉	對	基督耶穌裏，藉着福音，
以弗所書	3	10	藉	藉	對	為要藉着教會使
以弗所書	3	16	藉	藉	對	豐盛的榮耀，藉着他的靈
以弗所書	5	26	藉	藉	對	要用水藉着道把教
腓立比書	1	19	藉	藉	對	我知道，這事藉着你們的
腓立比書	1	28	沉	沉	對	這是證明他們沉淪，你們
腓立比書	3	19	沉	沉	對	們的結局就是沉淪；他們
腓立比書	4	6	藉	藉	對	慮，只要凡事藉着禱告、
歌羅西書	1	16	藉	藉	對	的；一概都是藉着他造的
歌羅西書	1	20	藉	藉	對	既然藉着他在十
歌羅西書	1	20	藉	藉	對	就了和平，便藉着他叫萬
歌羅西書	1	22	藉	藉	對	但如今他藉着基督的
歌羅西書	2	23	制	制	對	身，其實在克制肉體的情
歌羅西書	3	17	藉	藉	對	主耶穌的名，藉着他感謝
帖撒羅尼迦前書	5	9	藉	藉	對	乃是預定我們藉着我們主
帖撒羅尼迦後書	1	9	沉	沉	對	罰，就是永遠沉淪，離開
帖撒羅尼迦後書	2	3	沉	沉	對	大罪人，就是沉淪之子，
帖撒羅尼迦後書	2	10	沉	沉	對	並且在那沉淪的人身
帖撒羅尼迦後書	2	14	借	藉	錯	神借我們所傳
提摩太前書	2	11	沉	沉	對	女人要沉靜學道，
提摩太前書	2	12	沉	沉	對	管男人，只要沉靜。
提摩太前書	3	2	制	制	對	的丈夫，有節制，自守，
提摩太前書	3	11	制	制	對	説讒言，有節制，凡事忠
提摩太前書	4	14	藉	藉	對	賜，就是從前藉着預言、
提摩太前書	6	9	沉	沉	對	私慾裏，叫人沉在敗壞和
提摩太後書	1	6	借	藉	錯	你，使你將神借我按手所
提摩太後書	1	10	藉	藉	對	但如今藉着我們救
提摩太後書	1	10	藉	藉	對	經把死廢去，藉着福音，
提多書	1	3	藉	藉	對	到了日期，藉着傳揚的
提多書	2	2	制	制	對	老年人要有節制、端莊、
提多書	3	5	藉	藉	對	照他的憐憫，藉着重生的
提多書	3	6	藉	藉	對	聖靈就是神藉着耶穌基
腓利門書	1	22	藉	藉	對	；因為我盼望藉着你們的
希伯來書	1	1	藉	藉	對	神既在古時藉着眾先知
希伯來書	1	2	藉	藉	對	就在這末世藉着他兒子
希伯來書	1	2	藉	藉	對	萬有的，也曾藉着他創造
希伯來書	2	2	借	藉	錯	那借着天使所
希伯來書	2	14	藉	藉	對	肉之體，特要藉着死敗壞
希伯來書	6	18	借	藉	錯	借這兩件不
希伯來書	7	9	藉	藉	對	的利未，也是藉着亞伯拉
希伯來書	7	11	借	藉	錯	受律法，倘若借這職任能
希伯來書	9	14	藉	藉	對	何況基督藉着永遠的
希伯來書	10	1	藉	藉	對	真像，總不能藉着每年常
希伯來書	10	20	藉	藉	對	是藉着他給我
希伯來書	10	39	沉	沉	對	卻不是退後入沉淪的那等
希伯來書	11	3	借	藉	錯	知道諸世界是借神話造成
希伯來書	11	26	凌	凌	對	看為基督受的凌辱比埃及
希伯來書	11	33	制	制	對	他們因着信，制伏了敵國
希伯來書	13	13	凌	凌	對	忍受他所受的凌辱。
希伯來書	13	21	藉	藉	對	他的旨意；又藉着耶穌基
雅各書	2	18	藉	藉	對	給我看，我便藉着我的行
雅各書	3	7	制	制	對	，本來都可以制伏，也已
雅各書	3	7	制	制	對	，也已經被人制伏了；
雅各書	3	8	制	制	對	舌頭沒有人能制伏，是不
彼得前書	1	2	藉	藉	對	先見被揀選，藉着聖靈得
彼得前書	1	3	借	藉	錯	己的大憐憫，借耶穌基督
彼得前書	1	23	藉	藉	對	壞的種子，是藉着神活潑
彼得前書	2	5	藉	藉	對	聖潔的祭司，藉着耶穌基
彼得前書	2	13	制	制	對	順服人的一切制度，或是
彼得前書	2	16	藉	藉	對	由的，卻不可藉着自由遮
彼得前書	3	19	借	藉	錯	他借這靈曾去
彼得前書	3	20	藉	藉	對	時進入方舟，藉着水得救
彼得前書	3	21	藉	藉	對	的洗禮，現在藉着耶穌基
彼得前書	5	3	制	制	對	也不是轄制所託付你
彼得後書	1	6	制	制	對	，又要加上節制；有了節
彼得後書	1	6	制	制	對	節制；有了節制，又要加
彼得後書	2	19	制	制	對	，因為人被誰制伏就是誰
彼得後書	2	20	制	制	對	其中被纏住、制伏，他們
彼得後書	3	5	借	藉	錯	並從水而出、借水而成的
彼得後書	3	7	沉	沉	對	之人受審判遭沉淪的日子
彼得後書	3	9	沉	沉	對	，不願有一人沉淪，乃願
彼得後書	3	16	沉	沉	對	一樣，就自取沉淪。
約翰壹書	2	12	藉	藉	對	因為你們的罪藉着主名得
約翰壹書	4	9	藉	藉	對	間來，使我們藉着他得生
約翰壹書	5	6	藉	藉	對	這藉着水和血
啟示錄	2	26	制	制	對	要賜給他權柄制伏列國；
啟示錄	13	7	制	制	對	權柄賜給它，制伏各族、
啟示錄	17	8	沉	沉	對	來，又要歸於沉淪。凡住
啟示錄	17	11	沉	沉	對	列，並且歸於沉淪。
啟示錄	18	15	藉	藉	對	賣這些貨物、藉着她發了
